id,split,label,amount,hour,n_prior_txns,distance_km,device_age_days,prediction
txn_00000,train,legitimate,131.93,13,12,1.7,1210,legitimate
txn_00001,test,legitimate,26.5,8,14,73.1,1026,legitimate
txn_00002,test,legitimate,18.1,11,16,56.1,552,legitimate
txn_00003,test,legitimate,19.71,21,10,15.2,412,legitimate
txn_00004,test,legitimate,20.42,19,7,17.0,1218,legitimate
txn_00005,train,legitimate,102.13,21,10,2.1,121,legitimate
txn_00006,test,legitimate,40.93,22,12,35.5,1170,legitimate
txn_00007,train,legitimate,78.01,19,17,38.2,1382,legitimate
txn_00008,train,legitimate,1.12,13,16,7.1,1278,legitimate
txn_00009,test,legitimate,35.17,4,11,40.6,269,legitimate
txn_00010,train,legitimate,73.21,11,7,79.6,1130,legitimate
txn_00011,train,legitimate,182.69,22,14,49.2,1109,legitimate
txn_00012,train,legitimate,26.15,5,9,47.1,1123,legitimate
txn_00013,train,legitimate,4.56,3,10,2.6,664,legitimate
txn_00014,train,legitimate,45.77,17,9,90.6,1259,legitimate
txn_00015,train,legitimate,13.95,22,11,4.4,492,legitimate
txn_00016,train,fraud,5.44,0,11,15.2,426,legitimate
txn_00017,test,legitimate,13.69,17,11,53.9,1384,legitimate
txn_00018,train,legitimate,73.06,19,19,19.0,586,legitimate
txn_00019,test,fraud,108.55,23,20,61.9,1089,legitimate
txn_00020,train,legitimate,52.3,20,13,16.9,1165,legitimate
txn_00021,train,legitimate,8.91,23,21,49.6,1164,legitimate
txn_00022,test,legitimate,315.1,3,18,62.4,830,legitimate
txn_00023,train,legitimate,7.9,12,15,83.2,438,legitimate
txn_00024,test,legitimate,23.54,19,15,35.7,1248,legitimate
txn_00025,train,legitimate,6.0,7,6,1.3,1074,legitimate
txn_00026,train,legitimate,95.01,19,6,19.9,379,legitimate
txn_00027,train,legitimate,39.77,22,14,14.2,544,legitimate
txn_00028,train,legitimate,61.9,21,7,26.0,999,legitimate
txn_00029,train,legitimate,27.88,7,14,18.2,1133,legitimate
txn_00030,train,legitimate,23.8,19,18,9.5,59,legitimate
txn_00031,test,legitimate,30.35,7,7,105.7,1304,legitimate
txn_00032,train,legitimate,3.86,21,12,80.5,26,legitimate
txn_00033,train,legitimate,68.91,13,9,38.0,129,legitimate
txn_00034,train,legitimate,63.59,19,11,57.6,978,legitimate
txn_00035,train,legitimate,17.23,3,4,45.6,1210,legitimate
txn_00036,train,legitimate,25.21,3,15,4.6,683,legitimate
txn_00037,train,legitimate,34.45,10,18,33.3,526,legitimate
txn_00038,test,legitimate,122.78,14,15,9.9,1300,legitimate
txn_00039,train,legitimate,39.35,3,15,97.3,56,legitimate
txn_00040,train,legitimate,26.67,6,9,26.0,377,legitimate
txn_00041,test,legitimate,15.37,10,10,31.5,1048,legitimate
txn_00042,train,legitimate,5.69,16,15,21.6,966,legitimate
txn_00043,test,legitimate,14.09,21,16,3.3,1218,legitimate
txn_00044,test,legitimate,27.49,18,9,37.5,5,legitimate
txn_00045,train,legitimate,19.9,22,11,16.5,356,legitimate
txn_00046,train,legitimate,27.62,22,11,68.7,743,legitimate
txn_00047,test,legitimate,53.99,22,15,11.4,1017,legitimate
txn_00048,train,legitimate,39.61,20,5,38.5,1367,legitimate
txn_00049,train,legitimate,33.76,17,7,7.9,973,legitimate
txn_00050,test,legitimate,49.44,13,13,17.4,423,legitimate
txn_00051,train,legitimate,30.91,17,15,34.2,836,legitimate
txn_00052,train,legitimate,24.88,22,5,20.4,1055,legitimate
txn_00053,test,legitimate,41.06,10,14,3.1,1337,legitimate
txn_00054,train,legitimate,4.56,8,11,31.2,873,legitimate
txn_00055,train,legitimate,89.9,21,9,25.8,1105,legitimate
txn_00056,train,legitimate,7.08,16,16,8.0,685,legitimate
txn_00057,train,legitimate,59.35,3,13,22.0,820,legitimate
txn_00058,test,fraud,33.44,6,15,86.9,1460,legitimate
txn_00059,train,legitimate,77.89,3,15,7.9,1460,legitimate
txn_00060,train,legitimate,26.65,22,4,14.3,249,legitimate
txn_00061,test,legitimate,10.01,2,14,83.0,42,legitimate
txn_00062,train,legitimate,75.32,1,10,125.2,854,legitimate
txn_00063,train,legitimate,30.98,9,8,63.0,966,legitimate
txn_00064,train,legitimate,29.01,10,18,97.1,1047,legitimate
txn_00065,train,legitimate,27.95,1,8,45.4,1010,legitimate
txn_00066,train,legitimate,70.17,11,11,53.0,1218,legitimate
txn_00067,test,legitimate,58.42,16,10,0.6,1013,legitimate
txn_00068,train,fraud,41.7,18,11,29.8,982,legitimate
txn_00069,test,legitimate,5.47,4,10,10.8,1173,legitimate
txn_00070,train,legitimate,17.23,18,9,100.3,417,legitimate
txn_00071,test,legitimate,28.7,16,15,20.9,745,legitimate
txn_00072,test,legitimate,155.49,21,16,61.2,426,legitimate
txn_00073,train,legitimate,37.96,13,12,20.4,209,legitimate
txn_00074,train,legitimate,23.58,2,8,26.9,658,legitimate
txn_00075,train,legitimate,85.5,16,7,30.3,957,legitimate
txn_00076,train,fraud,29.71,19,13,42.2,439,legitimate
txn_00077,train,legitimate,25.16,16,10,8.7,121,legitimate
txn_00078,test,legitimate,30.28,13,20,22.5,1306,legitimate
txn_00079,train,legitimate,5.79,18,10,0.0,1273,legitimate
txn_00080,train,legitimate,67.44,21,10,13.9,1322,legitimate
txn_00081,train,legitimate,39.63,11,11,12.6,1072,legitimate
txn_00082,test,legitimate,19.52,10,7,3.2,967,legitimate
txn_00083,train,legitimate,8.27,13,16,95.7,168,legitimate
txn_00084,train,legitimate,32.08,16,18,2.3,200,legitimate
txn_00085,test,legitimate,105.07,6,11,8.2,1062,legitimate
txn_00086,train,legitimate,13.65,2,13,50.2,1366,legitimate
txn_00087,test,legitimate,8.97,12,14,111.6,320,legitimate
txn_00088,train,legitimate,39.46,15,11,68.3,418,legitimate
txn_00089,test,legitimate,5.25,2,15,8.9,1187,legitimate
txn_00090,test,legitimate,2.81,4,8,8.9,1371,legitimate
txn_00091,test,legitimate,16.63,22,11,45.8,62,legitimate
txn_00092,train,legitimate,13.01,12,15,43.5,653,legitimate
txn_00093,train,legitimate,19.67,22,19,0.7,32,legitimate
txn_00094,train,legitimate,14.95,17,17,11.5,1415,legitimate
txn_00095,test,legitimate,36.19,1,7,85.6,574,legitimate
txn_00096,train,legitimate,20.82,3,8,9.7,4,legitimate
txn_00097,train,legitimate,14.27,0,20,23.6,637,legitimate
txn_00098,train,legitimate,16.43,20,11,15.4,450,legitimate
txn_00099,test,legitimate,48.85,9,11,17.3,605,legitimate
txn_00100,train,fraud,87.0,6,11,63.3,1390,legitimate
txn_00101,train,legitimate,64.19,12,19,28.4,8,legitimate
txn_00102,train,legitimate,52.19,15,17,19.2,69,legitimate
txn_00103,test,legitimate,0.96,11,10,31.3,0,legitimate
txn_00104,train,legitimate,9.55,1,11,86.0,292,legitimate
txn_00105,train,legitimate,18.98,8,10,17.9,700,legitimate
txn_00106,test,legitimate,31.95,9,20,30.5,1005,legitimate
txn_00107,train,legitimate,5.16,14,13,67.0,1024,legitimate
txn_00108,test,legitimate,107.88,16,11,24.4,371,legitimate
txn_00109,train,legitimate,35.25,9,10,3.4,1441,legitimate
txn_00110,train,legitimate,13.98,7,11,10.0,1075,legitimate
txn_00111,train,legitimate,30.66,9,9,36.9,1186,legitimate
txn_00112,train,legitimate,18.41,3,8,31.2,439,legitimate
txn_00113,train,legitimate,12.18,0,11,49.7,490,legitimate
txn_00114,train,legitimate,43.2,4,16,11.5,1054,legitimate
txn_00115,train,legitimate,16.55,14,15,41.4,700,legitimate
txn_00116,test,legitimate,6.35,13,12,6.9,215,legitimate
txn_00117,train,legitimate,13.81,1,17,16.1,1103,legitimate
txn_00118,train,legitimate,23.24,17,13,61.3,1161,legitimate
txn_00119,train,legitimate,8.85,20,12,38.9,505,legitimate
txn_00120,train,legitimate,92.01,5,16,27.4,1373,legitimate
txn_00121,train,legitimate,8.77,11,7,10.5,901,legitimate
txn_00122,train,legitimate,151.18,9,12,25.1,1162,legitimate
txn_00123,train,legitimate,63.81,8,9,31.5,598,legitimate
txn_00124,train,legitimate,10.18,23,8,14.1,1355,legitimate
txn_00125,test,legitimate,29.73,15,16,17.0,1097,legitimate
txn_00126,test,legitimate,85.14,16,8,35.3,948,legitimate
txn_00127,train,legitimate,21.58,21,12,15.3,550,legitimate
txn_00128,test,legitimate,7.92,11,9,7.8,435,legitimate
txn_00129,train,legitimate,29.23,4,14,10.6,166,legitimate
txn_00130,train,fraud,245.58,16,22,18.5,531,legitimate
txn_00131,test,legitimate,5.89,9,12,27.3,678,legitimate
txn_00132,train,legitimate,45.56,22,11,44.5,749,legitimate
txn_00133,train,legitimate,26.43,23,15,36.2,668,legitimate
txn_00134,train,fraud,29.88,9,7,26.9,262,legitimate
txn_00135,test,legitimate,17.74,20,13,70.6,841,legitimate
txn_00136,train,fraud,24.45,17,17,80.9,1191,legitimate
txn_00137,train,legitimate,74.0,9,11,1.7,446,legitimate
txn_00138,train,legitimate,47.63,16,12,23.7,783,legitimate
txn_00139,train,legitimate,9.68,8,12,106.3,491,legitimate
txn_00140,train,legitimate,124.74,19,8,2.1,1300,legitimate
txn_00141,train,legitimate,7.17,19,14,47.2,1185,legitimate
txn_00142,train,legitimate,50.95,22,5,35.1,752,legitimate
txn_00143,train,legitimate,31.57,2,8,67.4,1153,legitimate
txn_00144,train,legitimate,87.12,17,14,2.0,242,legitimate
txn_00145,test,legitimate,37.53,2,18,12.1,57,legitimate
txn_00146,train,legitimate,75.61,19,15,18.1,922,legitimate
txn_00147,test,legitimate,25.67,13,9,2.6,742,legitimate
txn_00148,train,legitimate,69.61,11,10,36.2,262,legitimate
txn_00149,train,fraud,47.7,13,13,78.8,1158,legitimate
txn_00150,train,legitimate,225.8,22,12,35.2,537,legitimate
txn_00151,train,legitimate,13.13,13,10,89.4,88,legitimate
txn_00152,train,legitimate,86.95,22,14,20.6,548,legitimate
txn_00153,train,legitimate,41.93,18,11,0.4,686,legitimate
txn_00154,test,legitimate,31.44,23,15,6.0,1405,legitimate
txn_00155,train,fraud,19.21,21,15,212.9,283,legitimate
txn_00156,train,legitimate,41.24,1,10,7.3,735,legitimate
txn_00157,test,legitimate,6.04,9,18,2.5,814,legitimate
txn_00158,train,legitimate,6.71,9,8,35.2,1291,legitimate
txn_00159,train,legitimate,53.77,7,18,24.9,604,legitimate
txn_00160,test,legitimate,5.57,12,14,24.7,536,legitimate
txn_00161,train,legitimate,111.06,20,6,44.1,949,legitimate
txn_00162,train,legitimate,20.07,3,13,120.0,1290,legitimate
txn_00163,test,legitimate,33.9,5,17,12.0,948,legitimate
txn_00164,train,legitimate,28.48,7,15,0.6,67,legitimate
txn_00165,train,legitimate,40.22,21,17,77.9,92,legitimate
txn_00166,test,legitimate,19.99,2,11,21.4,948,legitimate
txn_00167,train,legitimate,18.3,16,6,12.3,563,legitimate
txn_00168,test,legitimate,23.31,4,14,75.2,384,legitimate
txn_00169,test,fraud,96.95,20,14,9.7,86,legitimate
txn_00170,test,legitimate,82.14,22,11,20.1,782,legitimate
txn_00171,train,legitimate,94.55,15,10,8.0,1432,legitimate
txn_00172,train,legitimate,38.12,15,9,46.9,739,legitimate
txn_00173,test,legitimate,21.65,2,12,59.6,71,legitimate
txn_00174,test,legitimate,4.93,19,10,37.0,1386,legitimate
txn_00175,train,legitimate,50.33,17,6,7.5,290,legitimate
txn_00176,train,legitimate,61.34,1,14,15.5,1282,legitimate
txn_00177,train,legitimate,17.68,11,13,25.6,181,legitimate
txn_00178,train,legitimate,59.32,11,6,19.7,920,legitimate
txn_00179,train,legitimate,96.06,4,13,28.7,195,legitimate
txn_00180,train,legitimate,29.1,23,8,12.5,143,legitimate
txn_00181,train,legitimate,76.17,2,14,28.6,827,legitimate
txn_00182,train,legitimate,36.02,15,9,34.6,1499,legitimate
txn_00183,train,legitimate,4.67,6,14,18.9,365,legitimate
txn_00184,train,legitimate,16.51,19,14,34.7,210,legitimate
txn_00185,train,legitimate,17.57,3,8,21.1,1083,legitimate
txn_00186,train,legitimate,44.97,8,16,14.0,167,legitimate
txn_00187,test,legitimate,11.17,3,16,11.1,1463,legitimate
txn_00188,train,legitimate,17.08,6,11,7.9,193,legitimate
txn_00189,train,legitimate,10.12,20,12,8.1,1242,legitimate
txn_00190,train,legitimate,25.48,19,9,31.6,1019,legitimate
txn_00191,test,legitimate,28.4,22,12,7.3,457,legitimate
txn_00192,test,legitimate,70.2,5,11,10.6,40,legitimate
txn_00193,train,legitimate,58.78,23,21,25.8,376,legitimate
txn_00194,train,legitimate,31.23,19,15,59.0,162,legitimate
txn_00195,train,legitimate,33.72,13,12,15.6,225,legitimate
txn_00196,train,legitimate,29.54,12,8,2.5,1312,legitimate
txn_00197,test,legitimate,29.65,13,9,76.4,1076,legitimate
txn_00198,test,legitimate,124.42,18,10,16.9,907,legitimate
txn_00199,train,legitimate,2.21,1,17,2.3,143,legitimate
txn_00200,test,legitimate,22.23,22,11,15.9,806,legitimate
txn_00201,train,legitimate,36.23,2,7,0.6,1484,legitimate
txn_00202,train,legitimate,82.01,2,17,14.3,1345,legitimate
txn_00203,train,legitimate,8.87,18,12,6.2,1221,legitimate
txn_00204,train,legitimate,37.48,11,15,59.9,1111,legitimate
txn_00205,train,legitimate,62.74,13,11,22.6,1085,legitimate
txn_00206,test,legitimate,16.97,9,11,1.8,123,legitimate
txn_00207,test,fraud,5.04,13,12,29.8,1421,legitimate
txn_00208,test,legitimate,18.49,17,12,15.3,501,legitimate
txn_00209,test,legitimate,7.97,18,10,41.4,12,legitimate
txn_00210,test,legitimate,50.81,17,23,61.2,1116,legitimate
txn_00211,train,legitimate,11.32,19,13,76.2,210,legitimate
txn_00212,test,legitimate,157.22,18,19,9.9,1274,legitimate
txn_00213,train,legitimate,30.53,17,12,52.0,748,legitimate
txn_00214,train,legitimate,11.84,18,17,29.4,1382,legitimate
txn_00215,train,legitimate,16.0,0,14,1.2,995,legitimate
txn_00216,test,legitimate,8.89,21,14,57.7,956,legitimate
txn_00217,test,legitimate,39.12,13,18,34.4,159,legitimate
txn_00218,train,legitimate,117.72,11,10,18.1,217,legitimate
txn_00219,test,legitimate,21.36,20,18,8.8,802,legitimate
txn_00220,test,legitimate,66.82,7,12,49.4,478,legitimate
txn_00221,train,legitimate,10.33,19,12,18.2,92,legitimate
txn_00222,train,legitimate,36.06,7,11,6.1,1150,legitimate
txn_00223,train,legitimate,265.34,22,14,55.5,581,legitimate
txn_00224,train,legitimate,6.5,22,10,8.6,168,legitimate
txn_00225,test,legitimate,90.87,12,10,41.6,210,legitimate
txn_00226,test,legitimate,85.69,20,7,32.3,845,legitimate
txn_00227,train,legitimate,4.04,12,8,50.5,1180,legitimate
txn_00228,train,legitimate,6.31,11,7,8.2,468,legitimate
txn_00229,train,legitimate,9.98,0,19,68.6,1144,legitimate
txn_00230,train,legitimate,69.81,8,17,162.1,429,legitimate
txn_00231,train,legitimate,17.26,12,15,0.3,1232,legitimate
txn_00232,train,legitimate,22.41,3,14,27.4,88,legitimate
txn_00233,train,legitimate,53.75,13,14,5.8,604,legitimate
txn_00234,train,legitimate,29.81,8,9,24.7,35,legitimate
txn_00235,train,legitimate,33.2,22,9,8.5,240,legitimate
txn_00236,test,legitimate,19.21,4,11,9.3,184,legitimate
txn_00237,train,legitimate,81.51,21,5,28.9,1131,legitimate
txn_00238,train,legitimate,12.16,19,12,9.4,260,legitimate
txn_00239,test,fraud,181.52,1,6,11.6,641,legitimate
txn_00240,train,legitimate,18.88,17,10,43.2,1388,legitimate
txn_00241,train,legitimate,11.92,3,9,40.7,189,legitimate
txn_00242,train,legitimate,50.53,9,10,39.7,447,legitimate
txn_00243,test,legitimate,41.54,9,14,19.3,27,legitimate
txn_00244,train,legitimate,3.65,3,7,68.7,878,legitimate
txn_00245,train,legitimate,33.0,18,10,26.5,441,legitimate
txn_00246,train,legitimate,6.86,17,10,2.3,116,legitimate
txn_00247,train,legitimate,11.54,3,13,3.1,922,legitimate
txn_00248,test,legitimate,58.06,9,13,23.7,706,legitimate
txn_00249,train,legitimate,11.16,18,17,3.2,734,legitimate
txn_00250,test,legitimate,37.69,17,7,9.1,1273,legitimate
txn_00251,train,legitimate,18.07,14,12,74.1,602,legitimate
txn_00252,test,legitimate,182.46,13,13,0.6,130,legitimate
txn_00253,train,legitimate,23.98,21,7,34.9,18,legitimate
txn_00254,train,legitimate,8.15,14,14,57.2,4,legitimate
txn_00255,train,legitimate,8.74,8,15,18.7,810,legitimate
txn_00256,train,legitimate,10.66,11,8,9.6,1465,legitimate
txn_00257,train,legitimate,29.92,9,12,0.3,1498,legitimate
txn_00258,train,legitimate,26.25,3,11,21.3,1285,legitimate
txn_00259,train,legitimate,69.37,1,11,58.1,272,legitimate
txn_00260,train,legitimate,31.09,22,13,33.9,1326,legitimate
txn_00261,train,legitimate,29.9,12,15,16.2,1170,legitimate
txn_00262,train,legitimate,36.33,23,8,31.5,1403,legitimate
txn_00263,test,legitimate,23.07,18,17,16.5,124,legitimate
txn_00264,train,legitimate,35.16,17,11,37.1,1427,legitimate
txn_00265,test,legitimate,57.42,12,16,14.2,1135,legitimate
txn_00266,test,legitimate,57.41,11,9,69.2,1352,legitimate
txn_00267,train,legitimate,15.2,12,8,40.5,637,legitimate
txn_00268,test,legitimate,4.47,18,9,57.8,558,legitimate
txn_00269,train,legitimate,11.68,21,14,70.5,1087,legitimate
txn_00270,train,legitimate,34.71,7,13,38.9,1135,legitimate
txn_00271,test,legitimate,2.17,18,12,13.0,963,legitimate
txn_00272,test,legitimate,16.26,20,14,69.3,469,legitimate
txn_00273,train,legitimate,40.98,7,17,5.6,510,legitimate
txn_00274,test,legitimate,14.87,12,11,22.8,531,legitimate
txn_00275,train,legitimate,8.54,22,10,24.5,1259,legitimate
txn_00276,train,legitimate,150.87,12,14,19.2,903,legitimate
txn_00277,train,legitimate,104.27,17,9,43.4,688,legitimate
txn_00278,train,legitimate,20.15,1,12,32.6,58,legitimate
txn_00279,train,legitimate,97.89,7,13,8.1,1477,legitimate
txn_00280,train,legitimate,95.53,1,12,25.6,1224,legitimate
txn_00281,train,legitimate,8.42,5,8,2.5,1161,legitimate
txn_00282,test,legitimate,380.06,4,7,177.6,791,legitimate
txn_00283,test,legitimate,10.2,16,14,57.1,27,legitimate
txn_00284,train,legitimate,20.01,3,11,29.4,322,legitimate
txn_00285,train,legitimate,8.7,12,17,11.4,1138,legitimate
txn_00286,train,legitimate,28.1,0,12,56.5,722,legitimate
txn_00287,train,legitimate,6.98,14,14,5.2,874,legitimate
txn_00288,train,legitimate,25.79,15,6,11.2,409,legitimate
txn_00289,test,legitimate,76.64,3,13,98.7,1358,legitimate
txn_00290,train,legitimate,32.13,3,14,49.8,108,legitimate
txn_00291,test,legitimate,19.91,18,13,3.0,895,legitimate
txn_00292,test,legitimate,121.62,20,13,28.1,406,legitimate
txn_00293,train,legitimate,10.57,20,13,40.5,924,legitimate
txn_00294,train,legitimate,68.2,14,10,72.5,198,legitimate
txn_00295,train,fraud,24.58,10,13,82.4,914,legitimate
txn_00296,train,legitimate,32.11,17,17,11.5,109,legitimate
txn_00297,test,legitimate,26.69,7,9,76.5,333,legitimate
txn_00298,train,legitimate,29.38,13,18,20.6,1460,legitimate
txn_00299,train,legitimate,24.5,23,10,19.8,724,legitimate
txn_00300,test,legitimate,11.81,5,16,41.8,1452,legitimate
txn_00301,train,legitimate,14.62,23,12,20.1,1312,legitimate
txn_00302,train,legitimate,40.11,17,19,30.7,1291,legitimate
txn_00303,train,legitimate,23.14,2,7,19.9,238,legitimate
txn_00304,train,legitimate,8.05,20,18,12.4,522,legitimate
txn_00305,test,legitimate,12.72,12,6,1.1,581,legitimate
txn_00306,train,legitimate,12.87,20,12,84.5,501,legitimate
txn_00307,train,legitimate,24.33,10,11,21.1,1170,legitimate
txn_00308,test,legitimate,30.7,7,11,63.5,141,legitimate
txn_00309,train,legitimate,28.11,6,12,0.9,1319,legitimate
txn_00310,test,legitimate,13.34,18,13,42.0,735,legitimate
txn_00311,train,legitimate,26.08,12,11,9.9,263,legitimate
txn_00312,train,legitimate,6.52,6,19,36.4,685,legitimate
txn_00313,train,legitimate,1.43,16,8,40.1,399,legitimate
txn_00314,test,legitimate,24.2,2,12,6.7,422,legitimate
txn_00315,train,legitimate,4.89,8,15,10.4,1117,legitimate
txn_00316,train,legitimate,9.9,9,8,6.7,193,legitimate
txn_00317,train,legitimate,7.64,7,11,105.5,1133,legitimate
txn_00318,train,legitimate,47.76,13,13,13.5,516,legitimate
txn_00319,train,legitimate,7.59,20,13,59.8,416,legitimate
txn_00320,train,fraud,42.99,4,14,18.4,128,legitimate
txn_00321,test,legitimate,15.57,15,13,11.3,191,legitimate
txn_00322,train,legitimate,7.36,3,18,28.6,477,legitimate
txn_00323,train,legitimate,5.24,7,15,2.5,124,legitimate
txn_00324,train,legitimate,40.13,23,12,3.4,447,legitimate
txn_00325,train,legitimate,37.17,3,9,15.3,1380,legitimate
txn_00326,test,legitimate,54.71,0,6,18.1,805,legitimate
txn_00327,train,fraud,202.01,9,14,75.5,1436,legitimate
txn_00328,test,legitimate,33.04,16,16,0.2,756,legitimate
txn_00329,train,legitimate,33.32,22,14,19.6,22,legitimate
txn_00330,test,legitimate,22.21,16,13,2.3,1431,legitimate
txn_00331,test,legitimate,27.9,19,16,51.2,577,legitimate
txn_00332,train,legitimate,17.67,11,11,42.4,21,legitimate
txn_00333,test,legitimate,10.25,5,7,34.5,428,legitimate
txn_00334,test,legitimate,183.78,12,11,10.3,1,legitimate
txn_00335,train,legitimate,3.89,14,12,24.6,641,legitimate
txn_00336,train,legitimate,32.2,6,9,49.1,390,legitimate
txn_00337,train,legitimate,38.86,0,9,13.8,807,legitimate
txn_00338,train,legitimate,28.98,14,8,23.2,1325,legitimate
txn_00339,test,legitimate,9.52,21,16,3.5,720,legitimate
txn_00340,test,legitimate,20.55,16,13,20.9,416,legitimate
txn_00341,train,legitimate,15.68,22,21,7.1,851,legitimate
txn_00342,train,legitimate,8.48,21,8,59.9,1212,legitimate
txn_00343,train,legitimate,23.68,5,14,2.2,793,legitimate
txn_00344,train,legitimate,16.48,16,8,55.1,660,legitimate
txn_00345,train,fraud,18.3,8,11,64.9,806,legitimate
txn_00346,test,legitimate,48.94,16,15,34.2,89,legitimate
txn_00347,test,legitimate,8.56,7,9,6.1,1353,legitimate
txn_00348,test,legitimate,38.3,0,11,39.4,552,legitimate
txn_00349,train,legitimate,13.38,4,13,15.7,419,legitimate
txn_00350,test,legitimate,37.73,1,15,16.1,1100,legitimate
txn_00351,test,legitimate,26.36,16,14,6.5,288,legitimate
txn_00352,train,legitimate,31.26,20,16,9.7,705,legitimate
txn_00353,train,legitimate,9.22,9,12,23.2,1284,legitimate
txn_00354,train,legitimate,11.31,9,14,13.2,1443,legitimate
txn_00355,test,legitimate,10.42,0,14,59.1,736,legitimate
txn_00356,train,legitimate,29.14,19,6,2.3,1033,legitimate
txn_00357,test,legitimate,51.62,5,14,24.8,136,legitimate
txn_00358,train,legitimate,71.87,3,14,6.9,1187,legitimate
txn_00359,train,legitimate,14.82,15,6,17.1,1092,legitimate
txn_00360,train,legitimate,26.59,0,17,25.0,1469,legitimate
txn_00361,test,legitimate,4.85,16,15,11.5,846,legitimate
txn_00362,test,legitimate,2.66,7,17,55.0,122,legitimate
txn_00363,train,legitimate,10.27,0,17,7.4,1072,legitimate
txn_00364,train,legitimate,12.53,23,15,92.0,956,legitimate
txn_00365,train,legitimate,5.17,13,10,130.5,397,legitimate
txn_00366,train,legitimate,4.12,7,7,14.2,871,legitimate
txn_00367,test,legitimate,41.4,15,14,16.9,1328,legitimate
txn_00368,test,legitimate,10.89,10,18,12.2,1176,legitimate
txn_00369,test,legitimate,4.53,15,9,9.6,268,legitimate
txn_00370,train,legitimate,245.89,19,20,15.4,60,legitimate
txn_00371,train,legitimate,28.76,15,11,11.2,1210,legitimate
txn_00372,test,fraud,22.63,15,16,22.9,667,legitimate
txn_00373,train,fraud,61.03,18,10,105.5,451,legitimate
txn_00374,train,legitimate,11.32,18,15,15.3,796,legitimate
txn_00375,test,fraud,150.99,8,9,28.8,1294,legitimate
txn_00376,train,legitimate,5.19,13,9,4.4,826,legitimate
txn_00377,test,legitimate,6.54,20,8,96.6,1243,legitimate
txn_00378,test,legitimate,20.98,12,12,1.3,474,legitimate
txn_00379,test,legitimate,11.21,10,13,62.7,1193,legitimate
txn_00380,test,legitimate,98.04,14,14,31.7,1449,legitimate
txn_00381,test,legitimate,4.85,1,6,14.3,1056,legitimate
txn_00382,test,legitimate,11.57,23,12,3.2,1389,legitimate
txn_00383,train,legitimate,30.37,15,21,62.3,1173,legitimate
txn_00384,train,legitimate,41.92,0,13,81.9,118,legitimate
txn_00385,test,legitimate,64.93,8,12,87.5,1194,legitimate
txn_00386,test,legitimate,33.63,13,14,3.9,55,legitimate
txn_00387,train,legitimate,214.72,15,11,21.0,1087,legitimate
txn_00388,train,legitimate,14.86,23,13,2.1,1154,legitimate
txn_00389,train,legitimate,28.38,8,8,20.1,142,legitimate
txn_00390,train,legitimate,55.9,10,13,6.5,327,legitimate
txn_00391,test,legitimate,17.36,11,8,27.6,563,legitimate
txn_00392,test,legitimate,17.74,16,13,17.2,569,legitimate
txn_00393,train,legitimate,14.95,13,15,10.8,1312,legitimate
txn_00394,train,legitimate,12.49,13,15,69.3,1122,legitimate
txn_00395,train,legitimate,7.69,16,12,46.8,33,legitimate
txn_00396,train,legitimate,13.63,20,11,16.3,182,legitimate
txn_00397,train,legitimate,5.05,7,11,15.0,262,legitimate
txn_00398,train,legitimate,34.53,17,13,4.5,1053,legitimate
txn_00399,train,legitimate,4.83,16,13,6.3,1241,legitimate
txn_00400,test,legitimate,184.79,14,14,7.5,993,legitimate
txn_00401,train,legitimate,128.37,5,7,10.0,1311,legitimate
txn_00402,test,legitimate,70.91,16,12,36.4,1200,legitimate
txn_00403,train,legitimate,19.08,18,16,16.4,1165,legitimate
txn_00404,train,legitimate,13.11,7,9,14.8,798,legitimate
txn_00405,test,fraud,102.3,5,13,120.1,1014,legitimate
txn_00406,train,legitimate,28.16,9,16,12.9,934,legitimate
txn_00407,test,legitimate,41.04,1,9,10.0,843,legitimate
txn_00408,test,legitimate,11.46,19,8,26.2,1166,legitimate
txn_00409,test,legitimate,67.91,0,10,92.1,388,legitimate
txn_00410,train,legitimate,10.58,6,5,26.6,956,legitimate
txn_00411,train,legitimate,26.08,14,14,0.0,548,legitimate
txn_00412,train,fraud,5.37,3,10,11.5,266,legitimate
txn_00413,test,legitimate,12.19,7,15,67.8,389,legitimate
txn_00414,train,legitimate,38.57,2,15,28.3,808,legitimate
txn_00415,train,legitimate,14.94,13,9,15.9,654,legitimate
txn_00416,test,legitimate,14.99,3,16,1.6,846,legitimate
txn_00417,train,legitimate,51.3,7,8,42.2,900,legitimate
txn_00418,train,legitimate,21.73,2,5,16.7,971,legitimate
txn_00419,train,legitimate,80.49,10,11,15.0,730,legitimate
txn_00420,train,legitimate,2.1,14,10,60.9,664,legitimate
txn_00421,train,legitimate,41.12,20,13,28.3,1499,legitimate
txn_00422,test,legitimate,38.67,16,8,51.2,1446,legitimate
txn_00423,test,legitimate,5.01,22,9,18.7,1259,legitimate
txn_00424,train,legitimate,6.4,5,9,25.0,1422,legitimate
txn_00425,test,fraud,71.8,1,13,16.1,862,fraud
txn_00426,test,legitimate,8.05,8,18,83.8,225,legitimate
txn_00427,test,legitimate,12.36,22,7,26.9,200,legitimate
txn_00428,test,legitimate,42.28,13,7,32.5,1387,legitimate
txn_00429,train,legitimate,16.74,12,8,8.9,403,legitimate
txn_00430,train,legitimate,37.45,9,15,0.6,1126,legitimate
txn_00431,test,legitimate,9.81,17,14,42.9,177,legitimate
txn_00432,train,legitimate,31.3,6,8,40.4,552,legitimate
txn_00433,train,legitimate,68.41,22,11,6.5,289,legitimate
txn_00434,train,legitimate,32.18,20,12,20.7,68,legitimate
txn_00435,train,legitimate,2.62,4,10,140.0,552,legitimate
txn_00436,train,legitimate,44.52,6,9,6.1,922,legitimate
txn_00437,train,legitimate,24.66,9,10,6.3,223,legitimate
txn_00438,train,legitimate,9.44,16,13,48.2,1384,legitimate
txn_00439,test,legitimate,93.15,21,9,35.2,294,legitimate
txn_00440,train,legitimate,4.1,15,14,42.2,684,legitimate
txn_00441,train,legitimate,150.38,12,7,13.8,1483,legitimate
txn_00442,test,legitimate,12.39,9,10,70.1,1213,legitimate
txn_00443,test,legitimate,111.5,21,16,110.3,713,legitimate
txn_00444,test,legitimate,22.25,2,10,18.4,791,legitimate
txn_00445,train,legitimate,6.18,20,15,13.0,197,legitimate
txn_00446,train,legitimate,25.56,1,15,15.7,307,legitimate
txn_00447,test,legitimate,32.35,23,12,36.8,1292,legitimate
txn_00448,test,legitimate,39.87,4,15,3.7,140,legitimate
txn_00449,train,legitimate,66.86,15,19,24.3,707,legitimate
txn_00450,train,legitimate,9.51,0,20,11.7,564,legitimate
txn_00451,train,legitimate,37.95,1,12,0.1,1414,legitimate
txn_00452,train,legitimate,48.4,20,18,11.6,176,legitimate
txn_00453,test,legitimate,17.73,21,11,10.0,990,legitimate
txn_00454,train,legitimate,9.15,5,12,29.8,439,legitimate
txn_00455,test,legitimate,8.97,4,13,35.8,981,legitimate
txn_00456,test,legitimate,49.01,5,15,6.1,264,legitimate
txn_00457,train,legitimate,51.48,3,13,40.5,1220,legitimate
txn_00458,train,legitimate,10.18,0,7,8.2,433,legitimate
txn_00459,train,legitimate,6.12,8,5,35.6,111,legitimate
txn_00460,train,legitimate,79.74,6,15,77.1,579,legitimate
txn_00461,train,legitimate,4.95,4,17,18.5,800,legitimate
txn_00462,train,legitimate,27.22,7,10,15.5,1455,legitimate
txn_00463,test,legitimate,10.41,3,20,15.6,1225,legitimate
txn_00464,test,legitimate,4.04,4,16,8.4,353,legitimate
txn_00465,train,legitimate,26.27,15,9,46.7,38,legitimate
txn_00466,train,legitimate,19.21,17,7,1.1,121,legitimate
txn_00467,test,legitimate,97.27,21,14,10.8,1036,legitimate
txn_00468,train,legitimate,222.75,7,15,107.7,1324,legitimate
txn_00469,train,legitimate,19.24,6,14,3.2,776,legitimate
txn_00470,train,legitimate,64.4,9,11,34.1,908,legitimate
txn_00471,test,legitimate,65.66,8,12,1.1,319,legitimate
txn_00472,train,legitimate,13.78,4,8,23.5,1462,legitimate
txn_00473,train,legitimate,9.79,15,11,3.0,309,legitimate
txn_00474,train,legitimate,115.26,5,8,39.3,1151,legitimate
txn_00475,test,legitimate,16.13,7,14,32.9,1478,legitimate
txn_00476,train,legitimate,22.61,15,9,48.7,544,legitimate
txn_00477,train,legitimate,17.36,11,7,1.6,1353,legitimate
txn_00478,train,legitimate,20.32,6,9,0.3,458,legitimate
txn_00479,test,legitimate,12.72,21,12,26.9,1361,legitimate
txn_00480,train,legitimate,48.87,2,7,17.6,272,legitimate
txn_00481,train,legitimate,80.96,2,14,14.6,115,legitimate
txn_00482,train,legitimate,16.0,9,11,16.6,1162,legitimate
txn_00483,train,fraud,7.54,12,11,41.4,1033,legitimate
txn_00484,test,legitimate,24.39,16,6,13.2,1220,legitimate
txn_00485,train,legitimate,5.28,5,11,15.6,775,legitimate
txn_00486,train,legitimate,12.27,17,13,46.2,1437,legitimate
txn_00487,train,legitimate,78.94,18,16,36.4,104,legitimate
txn_00488,train,fraud,300.02,1,7,10.5,356,legitimate
txn_00489,train,legitimate,33.72,4,16,82.4,1183,legitimate
txn_00490,train,legitimate,8.04,19,12,10.9,1371,legitimate
txn_00491,train,legitimate,50.41,19,17,11.6,172,legitimate
txn_00492,test,legitimate,2.48,21,13,14.6,991,legitimate
txn_00493,train,legitimate,11.62,9,15,2.5,1181,legitimate
txn_00494,train,legitimate,105.62,5,14,61.3,1052,legitimate
txn_00495,train,legitimate,48.69,22,8,86.0,233,legitimate
txn_00496,train,legitimate,5.87,14,23,27.4,1226,legitimate
txn_00497,train,legitimate,4.43,8,12,19.5,1405,legitimate
txn_00498,test,legitimate,54.32,12,12,67.9,1438,legitimate
txn_00499,train,legitimate,22.12,11,9,12.1,1074,legitimate
txn_00500,train,legitimate,12.85,5,10,59.8,972,legitimate
txn_00501,test,legitimate,34.96,2,16,23.6,726,legitimate
txn_00502,test,legitimate,13.1,23,14,40.4,595,legitimate
txn_00503,test,legitimate,3.43,6,13,30.6,613,legitimate
txn_00504,train,legitimate,51.86,22,9,16.2,1201,legitimate
txn_00505,test,legitimate,12.17,9,12,1.6,845,legitimate
txn_00506,test,legitimate,8.55,10,8,69.5,1170,legitimate
txn_00507,train,legitimate,6.15,21,9,45.8,92,legitimate
txn_00508,test,legitimate,29.75,14,12,28.3,363,legitimate
txn_00509,train,legitimate,10.41,14,9,13.6,1316,legitimate
txn_00510,train,legitimate,43.17,2,15,67.0,780,legitimate
txn_00511,train,legitimate,17.78,19,10,78.2,1176,legitimate
txn_00512,train,legitimate,67.99,8,14,52.7,1484,legitimate
txn_00513,train,legitimate,15.79,20,9,87.9,1257,legitimate
txn_00514,test,legitimate,12.1,19,19,34.1,1117,legitimate
txn_00515,train,legitimate,3.27,2,18,117.8,1366,legitimate
txn_00516,test,legitimate,7.77,15,10,112.1,317,legitimate
txn_00517,train,legitimate,47.5,7,14,145.5,976,legitimate
txn_00518,train,legitimate,485.04,14,16,52.9,1280,legitimate
txn_00519,train,legitimate,6.68,19,19,1.9,901,legitimate
txn_00520,test,legitimate,8.26,19,14,12.5,1124,legitimate
txn_00521,train,legitimate,32.48,18,11,3.4,1146,legitimate
txn_00522,test,legitimate,37.31,4,10,16.2,1054,legitimate
txn_00523,train,legitimate,11.83,13,10,7.5,560,legitimate
txn_00524,test,legitimate,25.1,11,11,17.9,14,legitimate
txn_00525,test,legitimate,4.69,9,11,2.0,1333,legitimate
txn_00526,train,legitimate,17.26,14,11,84.6,1203,legitimate
txn_00527,train,fraud,73.03,11,10,6.4,354,legitimate
txn_00528,train,legitimate,117.99,18,15,1.9,1068,legitimate
txn_00529,train,legitimate,19.65,0,15,97.8,924,legitimate
txn_00530,train,legitimate,17.94,21,10,15.6,1067,legitimate
txn_00531,train,legitimate,36.42,3,12,12.5,804,legitimate
txn_00532,train,legitimate,69.85,10,14,19.8,877,legitimate
txn_00533,train,legitimate,37.7,8,10,17.0,1222,legitimate
txn_00534,train,legitimate,11.0,8,10,22.5,1237,legitimate
txn_00535,test,legitimate,33.11,3,9,102.7,1367,legitimate
txn_00536,train,legitimate,60.83,13,9,9.5,1099,legitimate
txn_00537,train,legitimate,11.43,5,15,9.1,496,legitimate
txn_00538,train,legitimate,6.15,14,10,67.1,914,legitimate
txn_00539,train,legitimate,38.56,19,11,31.9,744,legitimate
txn_00540,train,legitimate,33.45,0,9,83.3,1096,legitimate
txn_00541,train,legitimate,60.79,18,13,11.8,571,legitimate
txn_00542,train,legitimate,25.39,21,7,0.5,374,legitimate
txn_00543,train,legitimate,12.24,17,20,2.4,476,legitimate
txn_00544,test,legitimate,15.05,19,12,7.3,171,legitimate
txn_00545,train,legitimate,8.36,13,16,18.6,1401,legitimate
txn_00546,train,legitimate,9.07,8,11,152.8,372,legitimate
txn_00547,train,legitimate,13.31,22,11,20.1,969,legitimate
txn_00548,train,legitimate,14.39,14,16,22.0,1474,legitimate
txn_00549,test,legitimate,70.52,5,9,16.4,1137,legitimate
txn_00550,train,legitimate,6.87,16,8,2.7,426,legitimate
txn_00551,train,legitimate,22.21,14,17,96.0,256,legitimate
txn_00552,train,legitimate,12.96,20,17,63.4,663,legitimate
txn_00553,train,legitimate,102.38,10,11,16.4,1279,legitimate
txn_00554,test,legitimate,30.25,5,11,13.1,1022,legitimate
txn_00555,train,legitimate,16.08,22,13,0.6,1209,legitimate
txn_00556,train,fraud,67.35,22,13,152.8,494,legitimate
txn_00557,train,legitimate,24.93,8,17,4.0,342,legitimate
txn_00558,test,legitimate,14.54,3,12,32.6,1026,legitimate
txn_00559,train,legitimate,107.46,5,9,2.1,364,legitimate
txn_00560,test,legitimate,47.35,5,8,18.8,871,legitimate
txn_00561,test,legitimate,130.46,18,7,10.2,821,legitimate
txn_00562,train,legitimate,73.84,14,12,29.2,805,legitimate
txn_00563,train,legitimate,50.53,19,11,6.1,920,legitimate
txn_00564,test,legitimate,26.67,1,11,17.1,313,legitimate
txn_00565,train,legitimate,7.96,17,11,19.6,506,legitimate
txn_00566,train,legitimate,47.37,8,9,37.4,1391,legitimate
txn_00567,train,legitimate,25.16,18,11,13.6,1360,legitimate
txn_00568,train,legitimate,45.84,14,14,19.3,244,legitimate
txn_00569,test,legitimate,23.23,4,14,4.6,1231,legitimate
txn_00570,test,legitimate,11.8,18,14,1.8,880,legitimate
txn_00571,train,legitimate,8.62,14,14,29.1,634,legitimate
txn_00572,train,legitimate,47.0,20,8,42.2,126,legitimate
txn_00573,test,legitimate,84.73,12,11,42.0,131,legitimate
txn_00574,train,legitimate,17.62,22,8,12.7,259,legitimate
txn_00575,test,legitimate,36.87,21,12,0.1,355,legitimate
txn_00576,train,legitimate,92.86,19,12,85.6,652,legitimate
txn_00577,train,legitimate,10.24,9,13,13.9,392,legitimate
txn_00578,test,legitimate,16.74,21,9,9.9,410,legitimate
txn_00579,train,legitimate,7.72,5,12,10.1,945,legitimate
txn_00580,train,fraud,97.37,23,21,36.2,881,legitimate
txn_00581,train,legitimate,30.5,7,8,18.1,867,legitimate
txn_00582,test,legitimate,14.86,7,13,27.6,472,legitimate
txn_00583,test,legitimate,4.54,12,13,105.5,1467,legitimate
txn_00584,train,legitimate,19.67,4,8,52.7,782,legitimate
txn_00585,train,legitimate,63.39,23,11,29.1,849,legitimate
txn_00586,train,legitimate,17.54,11,10,8.3,350,legitimate
txn_00587,train,fraud,19.83,16,9,123.2,596,legitimate
txn_00588,train,legitimate,44.5,21,20,13.7,1149,legitimate
txn_00589,train,legitimate,6.92,17,13,82.9,775,legitimate
txn_00590,train,legitimate,24.81,3,14,43.7,1357,legitimate
txn_00591,train,legitimate,42.68,11,16,95.9,1168,legitimate
txn_00592,test,fraud,13.95,15,11,24.4,1248,legitimate
txn_00593,train,legitimate,10.34,9,12,14.0,1076,legitimate
txn_00594,train,legitimate,30.16,18,8,25.7,103,legitimate
txn_00595,train,legitimate,21.36,22,12,20.0,1284,legitimate
txn_00596,train,legitimate,18.66,11,7,1.0,151,legitimate
txn_00597,train,legitimate,28.98,10,19,92.4,582,legitimate
txn_00598,train,legitimate,29.43,16,8,58.5,857,legitimate
txn_00599,test,legitimate,9.41,3,18,50.4,877,legitimate
txn_00600,train,legitimate,12.18,13,16,47.6,898,legitimate
txn_00601,train,legitimate,36.87,18,13,16.2,1180,legitimate
txn_00602,test,legitimate,71.91,4,11,21.1,895,legitimate
txn_00603,test,legitimate,90.61,4,14,6.9,137,legitimate
txn_00604,test,legitimate,10.19,10,9,18.5,370,legitimate
txn_00605,train,legitimate,70.03,9,16,76.7,707,legitimate
txn_00606,train,legitimate,50.2,14,16,14.8,217,legitimate
txn_00607,train,legitimate,22.95,14,11,18.3,999,legitimate
txn_00608,test,legitimate,38.41,18,15,2.5,1141,legitimate
txn_00609,train,legitimate,53.91,19,15,23.4,1230,legitimate
txn_00610,train,legitimate,139.52,15,16,18.2,226,legitimate
txn_00611,train,legitimate,8.31,0,19,19.3,1461,legitimate
txn_00612,test,legitimate,43.01,20,13,20.5,95,legitimate
txn_00613,train,legitimate,20.63,15,14,49.9,130,legitimate
txn_00614,train,legitimate,19.31,14,12,6.8,723,legitimate
txn_00615,train,legitimate,73.96,3,9,38.1,1445,legitimate
txn_00616,test,legitimate,53.4,0,12,9.9,673,legitimate
txn_00617,test,legitimate,8.67,15,13,49.4,60,legitimate
txn_00618,train,legitimate,17.92,4,12,59.5,904,legitimate
txn_00619,train,legitimate,29.74,14,18,61.7,1132,legitimate
txn_00620,test,legitimate,5.85,23,11,49.9,1079,legitimate
txn_00621,train,legitimate,55.9,12,12,36.5,102,legitimate
txn_00622,train,legitimate,22.05,20,14,47.1,639,legitimate
txn_00623,train,legitimate,27.9,10,7,1.6,145,legitimate
txn_00624,test,legitimate,33.13,2,16,31.3,725,legitimate
txn_00625,test,legitimate,142.37,12,11,67.0,540,legitimate
txn_00626,train,legitimate,24.64,15,12,32.2,640,legitimate
txn_00627,train,legitimate,16.68,22,13,41.1,1239,legitimate
txn_00628,train,legitimate,133.12,13,16,49.1,1438,legitimate
txn_00629,test,legitimate,14.47,8,15,31.6,481,legitimate
txn_00630,train,legitimate,14.14,4,14,89.9,542,legitimate
txn_00631,test,legitimate,6.02,11,14,17.2,10,legitimate
txn_00632,test,legitimate,69.37,10,11,120.3,1400,legitimate
txn_00633,test,legitimate,31.14,3,18,10.4,754,legitimate
txn_00634,train,legitimate,37.94,3,15,25.3,29,legitimate
txn_00635,train,legitimate,28.05,9,13,144.3,582,legitimate
txn_00636,train,legitimate,20.82,15,13,11.1,763,legitimate
txn_00637,test,legitimate,10.94,1,8,32.4,170,legitimate
txn_00638,test,legitimate,10.99,16,7,4.9,521,legitimate
txn_00639,train,legitimate,36.52,21,6,8.0,7,legitimate
txn_00640,train,legitimate,26.92,13,14,15.0,652,legitimate
txn_00641,train,legitimate,119.72,8,10,35.8,1111,legitimate
txn_00642,test,legitimate,11.23,6,13,28.8,1284,legitimate
txn_00643,train,legitimate,14.72,22,12,26.4,494,legitimate
txn_00644,train,legitimate,8.68,1,12,23.8,925,legitimate
txn_00645,train,legitimate,93.22,3,9,15.7,468,legitimate
txn_00646,test,legitimate,7.04,8,12,8.4,1362,legitimate
txn_00647,train,legitimate,51.16,15,14,0.7,683,legitimate
txn_00648,train,legitimate,98.93,21,7,47.8,1008,legitimate
txn_00649,test,fraud,26.66,14,10,38.3,155,legitimate
txn_00650,train,legitimate,48.86,8,8,11.3,311,legitimate
txn_00651,train,legitimate,2.91,15,15,35.7,1089,legitimate
txn_00652,train,legitimate,16.28,4,15,60.8,215,legitimate
txn_00653,train,legitimate,4.63,19,13,40.2,884,legitimate
txn_00654,train,legitimate,28.29,15,13,75.9,961,legitimate
txn_00655,train,legitimate,24.08,1,13,52.9,331,legitimate
txn_00656,train,legitimate,11.16,14,13,32.9,1367,legitimate
txn_00657,train,legitimate,60.77,17,14,4.3,933,legitimate
txn_00658,train,legitimate,33.94,9,15,28.4,376,legitimate
txn_00659,test,legitimate,14.24,0,18,10.8,643,legitimate
txn_00660,train,legitimate,14.39,19,12,23.6,594,legitimate
txn_00661,train,legitimate,5.58,7,20,14.2,557,legitimate
txn_00662,test,legitimate,19.89,2,13,5.4,259,legitimate
txn_00663,train,legitimate,194.2,20,7,92.8,724,legitimate
txn_00664,train,legitimate,11.84,20,14,17.6,735,legitimate
txn_00665,train,legitimate,36.23,13,13,29.1,1279,legitimate
txn_00666,train,legitimate,13.9,14,11,18.1,379,legitimate
txn_00667,train,legitimate,52.91,22,7,21.7,38,legitimate
txn_00668,train,legitimate,36.93,21,8,19.7,1065,legitimate
txn_00669,train,legitimate,18.99,20,11,13.2,41,legitimate
txn_00670,train,legitimate,4.1,2,13,77.6,188,legitimate
txn_00671,train,legitimate,14.39,10,3,63.0,494,legitimate
txn_00672,train,legitimate,78.32,13,11,1.8,1340,legitimate
txn_00673,train,legitimate,18.79,6,10,58.8,379,legitimate
txn_00674,train,legitimate,44.54,16,18,48.4,405,legitimate
txn_00675,train,legitimate,14.88,4,14,3.6,686,legitimate
txn_00676,train,legitimate,3.78,8,13,22.1,1040,legitimate
txn_00677,train,legitimate,36.47,1,9,20.3,1105,legitimate
txn_00678,test,legitimate,32.83,4,10,46.9,398,legitimate
txn_00679,test,legitimate,13.51,17,6,22.0,725,legitimate
txn_00680,train,legitimate,16.59,9,15,17.0,481,legitimate
txn_00681,train,legitimate,31.87,19,16,85.2,536,legitimate
txn_00682,test,legitimate,13.33,4,14,8.7,1490,legitimate
txn_00683,train,legitimate,33.7,1,11,3.9,953,legitimate
txn_00684,test,legitimate,19.58,5,13,17.5,6,legitimate
txn_00685,train,legitimate,2.33,11,13,8.4,1081,legitimate
txn_00686,train,legitimate,20.77,16,10,14.6,1258,legitimate
txn_00687,test,legitimate,13.27,19,14,1.1,1418,legitimate
txn_00688,train,legitimate,10.47,16,16,46.7,571,legitimate
txn_00689,test,fraud,45.78,15,15,43.4,976,legitimate
txn_00690,test,legitimate,14.78,3,10,3.4,658,legitimate
txn_00691,train,legitimate,40.85,9,8,24.4,1375,legitimate
txn_00692,train,legitimate,70.62,18,8,20.6,718,legitimate
txn_00693,test,legitimate,27.61,22,18,46.8,59,legitimate
txn_00694,train,legitimate,5.19,4,15,3.8,181,legitimate
txn_00695,train,legitimate,11.63,10,15,2.3,1166,legitimate
txn_00696,test,fraud,75.9,1,10,43.8,239,legitimate
txn_00697,train,legitimate,18.57,7,8,4.7,199,legitimate
txn_00698,train,legitimate,10.8,18,11,16.3,1191,legitimate
txn_00699,train,legitimate,21.95,11,10,10.8,370,legitimate
txn_00700,train,legitimate,39.46,23,16,37.2,975,legitimate
txn_00701,train,legitimate,31.0,8,11,0.9,1473,legitimate
txn_00702,train,legitimate,45.44,15,11,11.7,323,legitimate
txn_00703,test,legitimate,10.62,9,11,7.0,1424,legitimate
txn_00704,train,legitimate,18.3,23,12,9.1,104,legitimate
txn_00705,train,legitimate,18.72,11,11,19.0,533,legitimate
txn_00706,train,legitimate,23.51,15,11,16.1,1027,legitimate
txn_00707,train,legitimate,3.03,1,8,23.9,1223,legitimate
txn_00708,test,legitimate,19.02,0,10,0.8,222,legitimate
txn_00709,train,legitimate,6.38,14,15,41.0,700,legitimate
txn_00710,test,legitimate,94.96,22,9,3.4,516,legitimate
txn_00711,train,legitimate,111.92,13,16,0.6,254,legitimate
txn_00712,train,legitimate,126.62,11,9,19.8,1222,legitimate
txn_00713,train,legitimate,53.54,17,13,33.0,140,legitimate
txn_00714,train,legitimate,14.88,19,9,0.7,63,legitimate
txn_00715,train,legitimate,62.1,5,14,98.3,558,legitimate
txn_00716,train,legitimate,19.73,6,11,5.3,1355,legitimate
txn_00717,train,legitimate,44.04,0,15,48.2,445,legitimate
txn_00718,train,legitimate,9.86,13,9,6.3,1132,legitimate
txn_00719,train,legitimate,13.47,16,8,86.6,853,legitimate
txn_00720,train,legitimate,38.13,16,10,97.8,742,legitimate
txn_00721,train,legitimate,138.87,8,11,28.5,952,legitimate
txn_00722,train,legitimate,23.5,18,15,3.3,1230,legitimate
txn_00723,train,legitimate,223.56,14,12,12.4,1464,legitimate
txn_00724,train,legitimate,367.3,6,12,55.7,1412,legitimate
txn_00725,train,legitimate,6.79,6,17,30.8,675,legitimate
txn_00726,train,legitimate,23.46,5,8,24.0,1086,legitimate
txn_00727,test,legitimate,9.41,8,15,11.1,1129,legitimate
txn_00728,train,legitimate,21.01,9,13,24.1,1458,legitimate
txn_00729,test,legitimate,14.22,6,12,22.2,1130,legitimate
txn_00730,train,legitimate,22.57,14,14,13.9,610,legitimate
txn_00731,train,legitimate,62.59,11,11,4.5,534,legitimate
txn_00732,train,legitimate,61.04,15,17,58.6,570,legitimate
txn_00733,test,legitimate,31.2,15,14,5.2,102,legitimate
txn_00734,train,legitimate,24.2,3,13,37.5,1377,legitimate
txn_00735,test,legitimate,27.14,5,7,47.7,933,legitimate
txn_00736,train,legitimate,27.37,5,13,21.9,342,legitimate
txn_00737,train,legitimate,42.58,7,12,99.4,1299,legitimate
txn_00738,train,legitimate,24.27,20,12,6.5,631,legitimate
txn_00739,train,legitimate,39.7,11,9,43.0,613,legitimate
txn_00740,train,legitimate,6.62,9,14,75.4,1088,legitimate
txn_00741,test,fraud,67.94,16,11,14.0,256,legitimate
txn_00742,train,legitimate,135.95,9,15,9.3,894,legitimate
txn_00743,test,legitimate,28.97,8,9,2.2,191,legitimate
txn_00744,train,legitimate,5.97,19,14,36.0,505,legitimate
txn_00745,train,legitimate,91.92,1,16,2.6,427,legitimate
txn_00746,train,legitimate,17.46,1,16,76.5,608,legitimate
txn_00747,train,legitimate,1.26,12,15,19.2,1492,legitimate
txn_00748,test,legitimate,19.49,5,9,19.5,1048,legitimate
txn_00749,train,legitimate,44.02,10,11,107.6,1309,legitimate
txn_00750,train,legitimate,35.36,4,16,4.0,77,legitimate
txn_00751,train,legitimate,82.51,23,9,23.5,1408,legitimate
txn_00752,train,legitimate,44.71,12,11,43.2,389,legitimate
txn_00753,test,legitimate,27.37,13,13,53.1,331,legitimate
txn_00754,train,legitimate,3.43,11,9,6.5,604,legitimate
txn_00755,train,legitimate,8.04,1,18,32.9,558,legitimate
txn_00756,test,legitimate,28.91,4,14,24.7,1359,legitimate
txn_00757,test,legitimate,47.3,15,13,7.2,1009,legitimate
txn_00758,train,legitimate,8.76,21,10,7.3,948,legitimate
txn_00759,test,legitimate,13.22,1,11,10.7,253,legitimate
txn_00760,train,legitimate,38.54,4,16,4.8,15,legitimate
txn_00761,train,legitimate,3.66,8,10,6.4,139,legitimate
txn_00762,train,legitimate,3.53,6,13,13.4,732,legitimate
txn_00763,train,legitimate,19.29,0,12,47.4,141,legitimate
txn_00764,train,legitimate,31.08,22,14,16.5,330,legitimate
txn_00765,train,legitimate,15.08,14,10,33.4,708,legitimate
txn_00766,train,legitimate,2.5,7,18,80.1,1273,legitimate
txn_00767,test,legitimate,24.78,4,19,1.2,882,legitimate
txn_00768,test,legitimate,6.51,10,11,47.0,794,legitimate
txn_00769,train,legitimate,46.26,22,13,7.8,439,legitimate
txn_00770,train,legitimate,21.92,17,17,22.1,196,legitimate
txn_00771,train,legitimate,31.47,4,16,1.6,1157,legitimate
txn_00772,train,legitimate,45.7,10,9,25.9,1382,legitimate
txn_00773,train,legitimate,14.39,23,6,5.5,793,legitimate
txn_00774,train,legitimate,54.94,23,14,60.8,1442,legitimate
txn_00775,train,legitimate,82.94,21,12,28.6,548,legitimate
txn_00776,test,legitimate,35.88,11,16,134.2,881,legitimate
txn_00777,test,legitimate,90.36,12,9,17.2,331,legitimate
txn_00778,test,legitimate,13.03,5,15,13.6,1490,legitimate
txn_00779,train,legitimate,60.01,11,5,19.4,1085,legitimate
txn_00780,test,legitimate,31.64,17,9,39.8,333,legitimate
txn_00781,test,legitimate,9.13,9,12,6.3,589,legitimate
txn_00782,train,legitimate,22.43,22,6,2.7,1381,legitimate
txn_00783,test,fraud,18.42,17,21,96.6,1290,fraud
txn_00784,train,legitimate,14.03,5,9,15.5,1464,legitimate
txn_00785,train,legitimate,26.42,4,13,16.7,1450,legitimate
txn_00786,train,legitimate,69.36,12,9,20.4,450,legitimate
txn_00787,test,legitimate,17.71,8,13,74.8,1002,legitimate
txn_00788,train,legitimate,27.44,21,12,6.5,1084,legitimate
txn_00789,test,legitimate,5.67,1,14,22.1,1144,legitimate
txn_00790,train,legitimate,26.96,18,14,19.4,1050,legitimate
txn_00791,train,legitimate,76.0,10,13,44.3,651,legitimate
txn_00792,train,legitimate,54.08,20,10,0.8,1004,legitimate
txn_00793,train,legitimate,38.8,4,12,41.9,1208,legitimate
txn_00794,train,legitimate,14.4,7,14,22.5,1216,legitimate
txn_00795,train,legitimate,9.24,22,9,0.3,459,legitimate
txn_00796,train,legitimate,22.1,3,20,15.7,865,legitimate
txn_00797,train,legitimate,6.45,10,12,83.4,227,legitimate
txn_00798,train,legitimate,7.15,23,8,15.0,1139,legitimate
txn_00799,test,legitimate,61.67,5,9,6.8,1019,legitimate
txn_00800,train,fraud,12.56,16,14,3.6,15,legitimate
txn_00801,test,legitimate,143.59,6,15,11.4,1014,legitimate
txn_00802,test,legitimate,5.89,15,10,97.6,137,legitimate
txn_00803,train,legitimate,37.14,4,14,16.3,496,legitimate
txn_00804,train,legitimate,7.6,9,21,9.9,149,legitimate
txn_00805,train,legitimate,28.83,2,16,39.1,1025,legitimate
txn_00806,train,fraud,11.12,5,15,12.4,825,legitimate
txn_00807,train,legitimate,25.25,1,11,36.0,1381,legitimate
txn_00808,train,legitimate,20.78,2,13,8.6,735,legitimate
txn_00809,train,fraud,19.92,17,14,9.5,452,legitimate
txn_00810,train,fraud,51.7,2,7,11.9,871,legitimate
txn_00811,train,legitimate,108.1,2,16,66.9,1096,legitimate
txn_00812,test,fraud,17.34,14,11,16.2,484,legitimate
txn_00813,train,legitimate,58.24,20,13,32.0,716,legitimate
txn_00814,train,legitimate,26.37,10,7,57.4,633,legitimate
txn_00815,train,legitimate,23.54,23,9,24.8,520,legitimate
txn_00816,train,legitimate,212.82,22,9,39.8,1156,legitimate
txn_00817,train,legitimate,2.83,21,5,32.7,1455,legitimate
txn_00818,train,legitimate,12.36,2,13,22.3,276,legitimate
txn_00819,train,legitimate,4.04,4,14,179.7,986,legitimate
txn_00820,train,legitimate,17.78,19,11,61.0,730,legitimate
txn_00821,test,legitimate,19.33,19,19,20.1,54,legitimate
txn_00822,train,legitimate,1056.99,20,15,4.9,508,legitimate
txn_00823,train,legitimate,34.18,14,16,38.8,1110,legitimate
txn_00824,train,legitimate,143.57,22,11,101.9,486,legitimate
txn_00825,train,legitimate,87.76,22,14,3.6,1238,legitimate
txn_00826,train,legitimate,15.68,2,14,4.6,892,legitimate
txn_00827,train,legitimate,38.98,7,11,14.8,732,legitimate
txn_00828,train,legitimate,126.7,13,16,29.2,832,legitimate
txn_00829,train,legitimate,28.79,14,12,118.0,121,legitimate
txn_00830,test,legitimate,29.82,3,6,5.8,862,legitimate
txn_00831,train,legitimate,39.9,14,5,35.5,1155,legitimate
txn_00832,train,legitimate,5.46,23,19,11.5,1389,legitimate
txn_00833,train,legitimate,10.84,4,12,2.4,616,legitimate
txn_00834,test,legitimate,33.84,22,14,45.7,1348,legitimate
txn_00835,test,legitimate,41.63,14,14,71.0,1217,legitimate
txn_00836,train,legitimate,9.76,7,9,22.8,397,legitimate
txn_00837,train,legitimate,17.6,17,10,11.4,605,legitimate
txn_00838,train,legitimate,21.46,8,11,3.5,478,legitimate
txn_00839,test,legitimate,20.86,19,12,10.7,661,legitimate
txn_00840,train,legitimate,48.17,15,13,8.1,768,legitimate
txn_00841,train,legitimate,26.92,20,15,2.5,1096,legitimate
txn_00842,test,legitimate,28.55,10,14,34.0,1344,legitimate
txn_00843,train,legitimate,5.96,0,14,5.5,401,legitimate
txn_00844,train,legitimate,8.53,8,13,42.4,1313,legitimate
txn_00845,train,legitimate,33.3,18,11,4.1,1322,legitimate
txn_00846,train,legitimate,4.98,0,11,5.3,1421,legitimate
txn_00847,train,legitimate,31.61,7,10,81.2,387,legitimate
txn_00848,train,legitimate,12.57,12,9,31.4,1052,legitimate
txn_00849,test,legitimate,10.81,18,9,15.1,1302,legitimate
txn_00850,train,fraud,59.01,15,9,65.2,54,legitimate
txn_00851,train,legitimate,12.36,3,14,70.0,1169,legitimate
txn_00852,train,legitimate,10.32,0,11,1.8,1465,legitimate
txn_00853,test,legitimate,12.37,9,9,2.5,434,legitimate
txn_00854,train,fraud,32.83,8,12,89.9,583,legitimate
txn_00855,train,legitimate,368.45,9,13,9.5,1090,legitimate
txn_00856,train,legitimate,2.95,16,11,26.2,1212,legitimate
txn_00857,train,fraud,30.38,16,12,45.4,889,legitimate
txn_00858,train,fraud,24.37,10,7,55.0,961,legitimate
txn_00859,train,legitimate,61.99,14,15,73.6,542,legitimate
txn_00860,train,legitimate,16.69,7,14,61.6,472,legitimate
txn_00861,train,legitimate,2.07,19,10,5.6,820,legitimate
txn_00862,train,legitimate,89.74,6,8,26.4,1292,legitimate
txn_00863,train,legitimate,8.15,0,13,76.0,245,legitimate
txn_00864,train,legitimate,22.66,5,14,19.5,522,legitimate
txn_00865,train,legitimate,6.18,6,12,18.3,23,legitimate
txn_00866,train,legitimate,8.1,5,15,52.0,711,legitimate
txn_00867,train,legitimate,14.67,17,17,82.7,1457,legitimate
txn_00868,train,legitimate,56.26,7,11,12.7,909,legitimate
txn_00869,train,legitimate,55.44,5,12,12.5,1052,legitimate
txn_00870,test,legitimate,13.25,15,8,27.8,1397,legitimate
txn_00871,train,legitimate,39.49,20,15,35.6,1156,legitimate
txn_00872,train,legitimate,16.56,9,19,43.3,623,legitimate
txn_00873,test,legitimate,26.79,7,15,22.9,524,legitimate
txn_00874,test,legitimate,27.94,17,12,0.7,793,legitimate
txn_00875,train,legitimate,44.34,16,12,1.7,19,legitimate
txn_00876,train,legitimate,12.99,13,11,40.5,161,legitimate
txn_00877,train,legitimate,20.99,1,14,2.0,45,legitimate
txn_00878,train,legitimate,29.71,23,14,6.2,1126,legitimate
txn_00879,train,fraud,33.59,21,11,27.9,459,legitimate
txn_00880,train,legitimate,10.83,20,11,5.6,914,legitimate
txn_00881,train,legitimate,132.23,2,13,65.4,376,legitimate
txn_00882,train,legitimate,15.12,10,10,9.5,765,legitimate
txn_00883,test,legitimate,50.7,9,11,27.1,747,legitimate
txn_00884,train,legitimate,29.24,21,10,51.9,1004,legitimate
txn_00885,train,legitimate,80.36,9,12,96.0,412,legitimate
txn_00886,test,legitimate,2.73,16,8,0.5,1442,legitimate
txn_00887,train,legitimate,183.14,7,16,1.8,1368,legitimate
txn_00888,train,legitimate,19.31,20,10,33.8,1376,legitimate
txn_00889,train,legitimate,7.02,12,12,63.4,567,legitimate
txn_00890,train,legitimate,27.12,7,14,60.3,950,legitimate
txn_00891,train,legitimate,224.61,12,12,1.1,500,legitimate
txn_00892,train,legitimate,39.41,12,7,7.1,797,legitimate
txn_00893,train,legitimate,7.01,19,14,2.3,542,legitimate
txn_00894,train,legitimate,15.05,4,11,11.1,598,legitimate
txn_00895,train,legitimate,89.83,23,9,77.3,360,legitimate
txn_00896,train,legitimate,5.91,2,15,50.0,762,legitimate
txn_00897,test,legitimate,19.92,19,15,9.6,183,legitimate
txn_00898,train,legitimate,17.78,1,13,8.3,1337,legitimate
txn_00899,train,legitimate,205.13,17,11,11.5,973,legitimate
txn_00900,train,legitimate,17.82,12,5,28.5,1020,legitimate
txn_00901,test,legitimate,87.83,4,14,35.3,496,legitimate
txn_00902,train,fraud,15.59,13,8,1.1,329,legitimate
txn_00903,train,legitimate,10.72,5,15,7.4,601,legitimate
txn_00904,train,legitimate,64.57,23,8,57.3,1377,legitimate
txn_00905,train,legitimate,44.19,0,5,2.1,1362,legitimate
txn_00906,test,legitimate,4.27,0,14,22.6,1455,legitimate
txn_00907,train,legitimate,44.94,2,18,0.3,1143,legitimate
txn_00908,train,legitimate,45.07,16,11,5.3,802,legitimate
txn_00909,test,legitimate,12.93,18,9,49.3,1390,legitimate
txn_00910,train,legitimate,29.61,10,17,10.3,997,legitimate
txn_00911,train,legitimate,31.08,1,10,35.1,961,legitimate
txn_00912,test,legitimate,14.67,21,14,48.9,492,legitimate
txn_00913,test,legitimate,13.3,6,10,14.8,1164,legitimate
txn_00914,train,legitimate,12.21,6,11,26.2,792,legitimate
txn_00915,train,legitimate,18.15,9,15,2.5,1130,legitimate
txn_00916,train,legitimate,6.35,4,10,1.6,532,legitimate
txn_00917,train,fraud,29.25,3,19,54.9,677,legitimate
txn_00918,train,legitimate,5.38,13,9,32.9,1246,legitimate
txn_00919,train,legitimate,25.59,8,7,4.7,1312,legitimate
txn_00920,train,legitimate,21.84,12,9,14.9,568,legitimate
txn_00921,train,legitimate,8.49,6,20,116.2,518,legitimate
txn_00922,test,legitimate,55.38,22,11,20.0,943,legitimate
txn_00923,train,legitimate,162.47,9,18,58.1,459,legitimate
txn_00924,train,legitimate,88.51,4,16,0.1,985,legitimate
txn_00925,train,legitimate,6.11,4,12,5.0,834,legitimate
txn_00926,train,legitimate,84.06,8,10,30.8,38,legitimate
txn_00927,train,legitimate,29.49,0,13,45.3,892,legitimate
txn_00928,train,legitimate,22.52,20,15,15.8,586,legitimate
txn_00929,train,legitimate,13.14,21,7,5.3,944,legitimate
txn_00930,train,legitimate,23.57,17,9,19.6,318,legitimate
txn_00931,train,legitimate,94.18,17,9,12.2,898,legitimate
txn_00932,train,legitimate,40.73,3,17,45.4,1396,legitimate
txn_00933,train,legitimate,15.73,18,9,40.8,105,legitimate
txn_00934,train,legitimate,12.2,18,15,34.6,735,legitimate
txn_00935,test,legitimate,15.69,6,13,2.8,1234,legitimate
txn_00936,train,fraud,54.51,15,12,53.0,473,legitimate
txn_00937,test,legitimate,151.21,22,13,82.1,1143,legitimate
txn_00938,train,legitimate,8.3,12,11,11.6,662,legitimate
txn_00939,train,legitimate,23.67,19,6,3.3,1410,legitimate
txn_00940,train,legitimate,16.18,23,5,118.5,54,legitimate
txn_00941,test,legitimate,11.23,9,14,12.6,432,legitimate
txn_00942,train,fraud,45.19,5,14,95.7,1324,fraud
txn_00943,train,fraud,52.6,6,13,102.8,379,legitimate
txn_00944,train,legitimate,5.81,12,8,4.3,414,legitimate
txn_00945,test,legitimate,8.49,19,13,33.8,1152,legitimate
txn_00946,test,legitimate,77.54,17,20,10.6,796,legitimate
txn_00947,train,legitimate,32.48,0,8,119.1,190,legitimate
txn_00948,train,legitimate,39.77,16,9,26.6,418,legitimate
txn_00949,train,legitimate,14.42,13,10,8.7,541,legitimate
txn_00950,train,legitimate,16.26,0,14,32.3,49,legitimate
txn_00951,train,legitimate,37.36,20,13,20.2,1460,legitimate
txn_00952,test,legitimate,14.48,8,11,11.6,1462,legitimate
txn_00953,train,legitimate,7.89,21,16,8.4,542,legitimate
txn_00954,train,legitimate,23.71,15,9,7.0,795,legitimate
txn_00955,train,legitimate,58.14,22,8,30.6,772,legitimate
txn_00956,train,legitimate,8.54,22,7,240.2,529,legitimate
txn_00957,train,fraud,86.78,10,11,13.8,652,legitimate
txn_00958,test,legitimate,47.52,15,8,22.7,285,legitimate
txn_00959,train,legitimate,10.08,0,9,13.8,1132,legitimate
txn_00960,test,legitimate,23.88,18,11,5.2,283,legitimate
txn_00961,test,legitimate,22.74,8,13,99.0,1030,legitimate
txn_00962,train,legitimate,44.42,9,17,37.8,331,legitimate
txn_00963,test,legitimate,45.88,6,11,56.6,558,legitimate
txn_00964,test,legitimate,6.52,18,5,96.0,884,legitimate
txn_00965,train,legitimate,6.24,13,18,2.3,1094,legitimate
txn_00966,train,legitimate,65.72,10,4,41.2,102,legitimate
txn_00967,train,legitimate,26.52,17,20,55.2,835,legitimate
txn_00968,train,legitimate,35.84,11,11,13.3,447,legitimate
txn_00969,test,legitimate,33.0,23,16,4.6,570,legitimate
txn_00970,test,legitimate,108.05,16,11,35.2,1112,legitimate
txn_00971,train,legitimate,7.18,7,8,64.5,560,legitimate
txn_00972,train,fraud,89.54,17,8,6.5,354,legitimate
txn_00973,train,legitimate,10.54,8,8,8.8,693,legitimate
txn_00974,test,legitimate,48.73,20,15,94.3,542,legitimate
txn_00975,train,legitimate,89.42,2,13,126.2,680,legitimate
txn_00976,test,legitimate,6.03,9,10,4.1,1052,legitimate
txn_00977,test,legitimate,35.33,19,10,3.2,13,legitimate
txn_00978,train,legitimate,18.02,7,10,30.6,232,legitimate
txn_00979,train,legitimate,17.79,11,11,77.8,22,legitimate
txn_00980,train,legitimate,24.73,15,9,85.0,1143,legitimate
txn_00981,test,legitimate,8.38,5,4,1.7,295,legitimate
txn_00982,train,legitimate,9.14,3,9,105.9,1307,legitimate
txn_00983,train,legitimate,45.45,12,8,30.9,1026,legitimate
txn_00984,train,legitimate,54.71,23,8,18.8,114,legitimate
txn_00985,train,legitimate,13.52,11,12,5.8,1454,legitimate
txn_00986,train,legitimate,5.62,11,11,19.1,397,legitimate
txn_00987,train,legitimate,234.27,19,9,47.1,10,legitimate
txn_00988,train,legitimate,70.32,16,16,90.5,105,legitimate
txn_00989,train,legitimate,33.84,5,9,29.5,7,legitimate
txn_00990,test,legitimate,8.56,4,15,51.0,853,legitimate
txn_00991,test,legitimate,13.33,12,10,19.0,796,legitimate
txn_00992,train,legitimate,30.14,21,11,17.0,1119,legitimate
txn_00993,train,fraud,11.79,10,15,22.3,1257,fraud
txn_00994,train,fraud,148.38,4,18,16.1,507,legitimate
txn_00995,train,legitimate,27.14,2,18,83.1,1296,legitimate
txn_00996,train,legitimate,34.95,6,7,65.9,841,legitimate
txn_00997,train,legitimate,8.58,3,25,17.4,208,legitimate
txn_00998,train,fraud,12.42,22,12,11.0,981,legitimate
txn_00999,train,legitimate,10.88,5,11,3.2,468,legitimate
txn_01000,test,legitimate,31.15,7,10,4.2,1252,legitimate
txn_01001,train,legitimate,18.24,10,9,12.5,986,legitimate
txn_01002,train,legitimate,17.83,4,9,37.7,0,legitimate
txn_01003,train,legitimate,32.36,13,11,1.5,1248,legitimate
txn_01004,train,legitimate,29.61,14,11,16.6,1034,legitimate
txn_01005,test,legitimate,102.46,17,13,101.0,1293,legitimate
txn_01006,train,legitimate,19.53,3,11,63.6,369,legitimate
txn_01007,train,legitimate,8.73,21,8,6.1,513,legitimate
txn_01008,train,legitimate,23.44,13,8,53.2,144,legitimate
txn_01009,train,legitimate,100.36,2,6,18.7,1013,legitimate
txn_01010,test,legitimate,13.74,23,16,58.4,767,legitimate
txn_01011,train,legitimate,24.88,23,14,12.6,901,legitimate
txn_01012,train,legitimate,16.67,8,14,19.4,33,legitimate
txn_01013,test,legitimate,35.34,9,12,2.3,330,legitimate
txn_01014,train,legitimate,30.55,16,11,42.4,288,legitimate
txn_01015,test,legitimate,10.67,18,21,4.7,1125,legitimate
txn_01016,train,legitimate,18.95,15,11,10.2,890,legitimate
txn_01017,train,legitimate,59.93,7,17,37.5,213,legitimate
txn_01018,test,legitimate,69.72,4,11,29.7,688,legitimate
txn_01019,train,legitimate,58.83,17,10,92.5,1039,legitimate
txn_01020,train,legitimate,55.45,10,14,39.2,374,legitimate
txn_01021,train,legitimate,17.1,16,17,63.1,592,legitimate
txn_01022,test,legitimate,16.59,7,16,15.3,147,legitimate
txn_01023,train,legitimate,59.2,0,13,32.6,1165,legitimate
txn_01024,train,legitimate,7.49,21,10,3.7,781,legitimate
txn_01025,test,legitimate,22.42,20,10,14.3,1188,legitimate
txn_01026,train,legitimate,3.82,3,14,75.2,1300,legitimate
txn_01027,test,legitimate,16.34,1,18,17.4,223,legitimate
txn_01028,test,legitimate,11.85,9,8,15.2,263,legitimate
txn_01029,train,legitimate,7.26,11,8,178.0,822,legitimate
txn_01030,test,legitimate,41.95,17,9,37.6,1217,legitimate
txn_01031,train,legitimate,11.52,5,11,48.0,1337,legitimate
txn_01032,train,legitimate,16.54,18,16,36.1,1288,legitimate
txn_01033,train,legitimate,18.43,14,10,21.1,980,legitimate
txn_01034,train,legitimate,11.51,9,10,37.8,1061,legitimate
txn_01035,train,fraud,123.33,4,14,56.0,660,legitimate
txn_01036,test,legitimate,14.61,9,13,4.1,48,legitimate
txn_01037,train,legitimate,28.81,14,15,3.5,284,legitimate
txn_01038,train,fraud,8.45,3,8,118.8,920,legitimate
txn_01039,test,legitimate,14.91,18,8,7.7,256,legitimate
txn_01040,train,legitimate,17.28,2,14,19.3,408,legitimate
txn_01041,train,legitimate,17.56,14,13,21.1,818,legitimate
txn_01042,train,legitimate,13.37,5,12,52.8,458,legitimate
txn_01043,train,legitimate,27.34,20,6,22.4,1180,legitimate
txn_01044,test,legitimate,109.8,10,15,5.8,699,legitimate
txn_01045,train,legitimate,20.85,9,8,30.6,1217,legitimate
txn_01046,train,legitimate,20.71,21,8,18.0,1207,legitimate
txn_01047,train,legitimate,16.19,16,15,15.0,1234,legitimate
txn_01048,train,legitimate,286.76,5,18,39.7,1055,legitimate
txn_01049,train,legitimate,115.85,10,9,55.0,944,legitimate
txn_01050,train,legitimate,41.05,21,7,12.9,187,legitimate
txn_01051,train,legitimate,47.45,21,12,30.6,1441,legitimate
txn_01052,train,legitimate,11.83,13,18,41.2,888,legitimate
txn_01053,test,legitimate,20.45,2,18,44.9,830,legitimate
txn_01054,train,legitimate,29.22,21,14,11.1,1268,legitimate
txn_01055,train,legitimate,26.72,20,15,36.5,803,legitimate
txn_01056,train,legitimate,10.25,1,16,4.9,211,legitimate
txn_01057,train,legitimate,11.06,0,9,62.8,1419,legitimate
txn_01058,test,legitimate,39.43,5,13,20.2,373,legitimate
txn_01059,train,legitimate,32.3,20,15,75.2,1197,legitimate
txn_01060,train,legitimate,3.0,2,16,85.0,624,legitimate
txn_01061,train,legitimate,26.03,2,15,5.6,1225,legitimate
txn_01062,train,fraud,106.3,22,12,26.1,200,legitimate
txn_01063,train,legitimate,12.62,16,15,4.7,565,legitimate
txn_01064,train,legitimate,30.1,7,8,17.7,1011,legitimate
txn_01065,train,legitimate,5.71,2,8,3.4,834,legitimate
txn_01066,train,legitimate,53.82,21,15,31.8,817,legitimate
txn_01067,train,legitimate,7.97,18,14,17.9,158,legitimate
txn_01068,train,legitimate,6.97,21,10,9.7,427,legitimate
txn_01069,train,legitimate,17.43,5,16,0.6,1228,legitimate
txn_01070,test,legitimate,243.21,19,12,72.8,1496,legitimate
txn_01071,test,legitimate,13.07,1,12,51.1,412,legitimate
txn_01072,train,legitimate,6.9,10,10,17.5,826,legitimate
txn_01073,test,legitimate,37.41,20,16,13.2,976,legitimate
txn_01074,train,legitimate,29.79,8,9,22.1,1043,legitimate
txn_01075,train,legitimate,120.95,13,16,0.2,48,legitimate
txn_01076,train,legitimate,6.86,12,14,58.4,1000,legitimate
txn_01077,train,legitimate,4.98,20,9,24.4,524,legitimate
txn_01078,test,legitimate,17.46,12,12,48.1,94,legitimate
txn_01079,train,legitimate,34.49,19,8,8.0,209,legitimate
txn_01080,train,fraud,43.37,13,10,24.5,754,legitimate
txn_01081,train,legitimate,68.94,2,15,106.5,571,legitimate
txn_01082,train,fraud,7.06,10,8,71.8,105,legitimate
txn_01083,test,legitimate,10.6,2,12,52.4,947,legitimate
txn_01084,train,legitimate,20.92,20,11,22.4,856,legitimate
txn_01085,train,legitimate,54.21,17,13,26.5,794,legitimate
txn_01086,train,legitimate,37.96,14,17,43.0,312,legitimate
txn_01087,train,legitimate,15.74,20,9,3.3,79,legitimate
txn_01088,train,legitimate,8.75,19,3,21.1,826,legitimate
txn_01089,train,legitimate,56.55,4,9,15.4,766,legitimate
txn_01090,train,legitimate,60.4,9,9,43.9,1441,legitimate
txn_01091,train,legitimate,340.42,21,12,5.1,29,legitimate
txn_01092,test,legitimate,20.0,12,11,13.9,1184,legitimate
txn_01093,train,legitimate,116.97,0,12,9.7,662,legitimate
txn_01094,train,legitimate,7.27,17,10,1.6,474,legitimate
txn_01095,train,legitimate,13.97,18,13,50.9,1183,legitimate
txn_01096,train,legitimate,12.26,2,14,14.3,702,legitimate
txn_01097,train,legitimate,15.12,15,18,7.9,860,legitimate
txn_01098,train,fraud,12.96,16,13,56.5,599,fraud
txn_01099,test,legitimate,13.98,9,11,7.1,562,legitimate
txn_01100,train,legitimate,22.57,1,10,17.0,544,legitimate
txn_01101,train,legitimate,15.32,9,14,46.0,967,legitimate
txn_01102,test,legitimate,45.48,12,11,34.4,218,legitimate
txn_01103,train,legitimate,21.94,7,20,55.1,856,legitimate
txn_01104,train,legitimate,23.78,11,12,25.7,55,legitimate
txn_01105,train,legitimate,100.93,11,11,0.7,586,legitimate
txn_01106,train,legitimate,32.43,9,7,19.4,353,legitimate
txn_01107,train,legitimate,27.72,12,13,14.7,587,legitimate
txn_01108,test,legitimate,23.37,13,13,12.0,289,legitimate
txn_01109,train,legitimate,25.33,3,18,0.8,1012,legitimate
txn_01110,train,legitimate,41.78,13,11,58.2,582,legitimate
txn_01111,test,legitimate,10.86,0,11,6.8,955,legitimate
txn_01112,train,legitimate,73.14,7,14,5.1,144,legitimate
txn_01113,train,legitimate,111.09,12,15,0.1,974,legitimate
txn_01114,train,legitimate,73.77,0,9,5.1,690,legitimate
txn_01115,train,legitimate,14.72,4,19,86.0,198,legitimate
txn_01116,test,legitimate,5.0,3,17,40.7,585,legitimate
txn_01117,train,legitimate,15.53,2,18,5.6,1407,legitimate
txn_01118,train,fraud,35.56,6,15,11.3,1196,legitimate
txn_01119,test,legitimate,53.62,6,13,26.1,1305,legitimate
txn_01120,train,legitimate,19.93,13,9,29.7,692,legitimate
txn_01121,test,legitimate,17.7,3,11,7.2,240,legitimate
txn_01122,train,legitimate,105.72,2,5,42.6,226,legitimate
txn_01123,train,legitimate,12.36,20,11,26.7,1147,legitimate
txn_01124,train,legitimate,67.68,9,15,79.3,893,legitimate
txn_01125,train,legitimate,57.82,6,8,11.1,546,legitimate
txn_01126,test,legitimate,6.48,16,7,25.3,0,legitimate
txn_01127,train,legitimate,31.3,15,12,17.8,1221,legitimate
txn_01128,train,legitimate,13.8,15,10,21.8,970,legitimate
txn_01129,test,legitimate,9.41,0,15,115.9,758,legitimate
txn_01130,train,legitimate,3.89,14,8,12.5,390,legitimate
txn_01131,train,legitimate,5.13,15,9,19.5,955,legitimate
txn_01132,train,legitimate,35.76,2,11,12.5,1231,legitimate
txn_01133,train,legitimate,16.29,22,13,10.5,915,legitimate
txn_01134,train,legitimate,31.14,20,12,20.0,1344,legitimate
txn_01135,train,legitimate,8.41,18,9,24.5,965,legitimate
txn_01136,test,legitimate,17.41,4,18,23.2,321,legitimate
txn_01137,test,legitimate,18.26,18,14,8.5,935,legitimate
txn_01138,train,legitimate,5.25,11,11,36.4,501,legitimate
txn_01139,test,legitimate,4.68,10,16,20.3,972,legitimate
txn_01140,train,legitimate,36.68,13,10,11.4,1264,legitimate
txn_01141,train,legitimate,27.53,11,8,1.0,721,legitimate
txn_01142,train,legitimate,9.55,15,12,39.1,1243,legitimate
txn_01143,train,legitimate,21.58,21,6,78.2,775,legitimate
txn_01144,train,legitimate,45.6,23,14,51.0,1025,legitimate
txn_01145,train,legitimate,143.29,5,14,1.9,213,legitimate
txn_01146,train,legitimate,9.99,20,10,9.9,1023,legitimate
txn_01147,train,legitimate,43.6,12,9,6.6,938,legitimate
txn_01148,train,legitimate,189.83,3,12,23.0,550,legitimate
txn_01149,train,legitimate,25.42,17,10,49.1,574,legitimate
txn_01150,train,legitimate,100.32,8,17,31.4,836,legitimate
txn_01151,train,legitimate,1.89,8,11,22.1,82,legitimate
txn_01152,test,legitimate,98.54,11,12,3.7,547,legitimate
txn_01153,train,fraud,30.29,11,10,191.0,1165,legitimate
txn_01154,train,legitimate,3.79,14,17,78.5,1231,legitimate
txn_01155,train,legitimate,51.15,0,12,11.8,999,legitimate
txn_01156,train,legitimate,66.63,11,14,12.5,1065,legitimate
txn_01157,test,legitimate,77.88,16,11,15.9,557,legitimate
txn_01158,train,legitimate,77.19,16,11,53.4,1347,legitimate
txn_01159,train,legitimate,23.14,4,18,5.9,999,legitimate
txn_01160,train,legitimate,11.45,8,12,51.8,743,legitimate
txn_01161,train,legitimate,15.16,6,13,61.8,1491,legitimate
txn_01162,train,fraud,29.57,1,12,6.3,85,legitimate
txn_01163,train,legitimate,35.47,5,10,2.0,218,legitimate
txn_01164,train,legitimate,14.87,2,13,13.7,730,legitimate
txn_01165,train,legitimate,24.99,17,14,7.1,1113,legitimate
txn_01166,train,legitimate,56.29,22,14,108.4,299,legitimate
txn_01167,test,legitimate,32.78,9,15,0.2,1496,legitimate
txn_01168,train,legitimate,225.89,8,10,1.3,1325,legitimate
txn_01169,test,legitimate,197.6,23,17,18.0,167,legitimate
txn_01170,test,legitimate,7.73,14,19,2.0,318,legitimate
txn_01171,test,legitimate,13.65,19,17,2.2,338,legitimate
txn_01172,train,legitimate,6.6,5,15,46.5,1223,legitimate
txn_01173,train,fraud,9.76,22,10,9.3,488,legitimate
txn_01174,train,legitimate,40.71,4,4,7.1,636,legitimate
txn_01175,train,legitimate,9.0,16,12,4.9,1445,legitimate
txn_01176,train,legitimate,8.53,16,7,36.8,1397,legitimate
txn_01177,train,legitimate,18.28,5,12,61.7,11,legitimate
txn_01178,train,legitimate,52.27,19,9,21.5,1108,legitimate
txn_01179,train,legitimate,16.81,7,13,44.1,804,legitimate
txn_01180,train,legitimate,16.78,15,11,50.3,536,legitimate
txn_01181,train,legitimate,58.69,8,15,13.1,371,legitimate
txn_01182,train,legitimate,37.86,2,9,21.2,838,legitimate
txn_01183,train,legitimate,37.29,4,8,12.0,225,legitimate
txn_01184,train,legitimate,60.43,6,9,22.6,1134,legitimate
txn_01185,train,legitimate,8.82,11,11,52.4,14,legitimate
txn_01186,train,legitimate,29.44,8,11,53.0,218,legitimate
txn_01187,train,legitimate,12.79,18,10,51.0,600,legitimate
txn_01188,train,legitimate,65.3,10,15,2.9,607,legitimate
txn_01189,train,fraud,68.17,12,9,37.1,466,legitimate
txn_01190,test,legitimate,8.54,19,11,21.9,1313,legitimate
txn_01191,train,legitimate,88.67,3,19,19.9,540,legitimate
txn_01192,train,legitimate,7.56,16,11,19.0,342,legitimate
txn_01193,train,legitimate,75.21,17,18,2.0,1197,legitimate
txn_01194,train,legitimate,29.14,15,7,2.6,845,legitimate
txn_01195,train,legitimate,10.12,23,16,78.5,639,legitimate
txn_01196,test,legitimate,7.94,3,8,4.4,986,legitimate
txn_01197,train,legitimate,17.66,11,10,15.7,575,legitimate
txn_01198,train,legitimate,23.27,20,7,50.5,1079,legitimate
txn_01199,train,legitimate,11.85,3,16,11.4,804,legitimate
txn_01200,test,legitimate,41.44,19,15,20.5,389,legitimate
txn_01201,train,legitimate,6.01,17,11,5.6,736,legitimate
txn_01202,train,legitimate,23.65,1,10,2.3,109,legitimate
txn_01203,train,legitimate,23.84,12,14,26.1,1074,legitimate
txn_01204,test,legitimate,3.78,15,12,152.1,1390,legitimate
txn_01205,train,legitimate,32.29,19,14,8.2,914,legitimate
txn_01206,train,legitimate,6.87,3,7,30.5,860,legitimate
txn_01207,train,legitimate,2.04,14,10,13.6,641,legitimate
txn_01208,train,legitimate,13.02,17,15,10.3,912,legitimate
txn_01209,train,fraud,24.42,20,13,118.0,1491,legitimate
txn_01210,train,legitimate,57.98,14,6,38.3,259,legitimate
txn_01211,train,legitimate,14.76,0,9,40.6,1444,legitimate
txn_01212,test,legitimate,101.53,5,13,3.1,1118,legitimate
txn_01213,train,legitimate,98.13,15,14,3.1,983,legitimate
txn_01214,train,fraud,89.67,17,12,4.8,1352,legitimate
txn_01215,train,legitimate,87.63,14,13,33.7,1228,legitimate
txn_01216,train,legitimate,33.62,21,16,0.7,1158,legitimate
txn_01217,train,legitimate,13.76,18,15,9.5,256,legitimate
txn_01218,test,legitimate,45.08,0,15,0.4,147,legitimate
txn_01219,train,legitimate,61.76,5,10,49.4,1409,legitimate
txn_01220,test,legitimate,30.12,3,9,12.5,1441,legitimate
txn_01221,train,legitimate,18.7,14,17,28.7,1315,legitimate
txn_01222,train,legitimate,5.08,0,10,11.6,337,legitimate
txn_01223,train,fraud,59.5,6,11,43.2,783,legitimate
txn_01224,train,legitimate,33.67,1,12,9.8,17,legitimate
txn_01225,test,legitimate,6.6,18,14,25.3,364,legitimate
txn_01226,test,fraud,33.72,20,19,30.9,508,legitimate
txn_01227,test,legitimate,48.52,1,11,36.9,824,legitimate
txn_01228,train,fraud,27.45,16,17,27.6,874,legitimate
txn_01229,train,legitimate,51.54,3,16,4.5,1112,legitimate
txn_01230,train,legitimate,50.08,21,12,4.4,1389,legitimate
txn_01231,test,legitimate,5.55,22,12,7.8,793,legitimate
txn_01232,train,legitimate,17.69,12,11,15.8,464,legitimate
txn_01233,test,legitimate,38.39,17,13,2.7,844,legitimate
txn_01234,train,legitimate,58.78,17,18,9.3,363,legitimate
txn_01235,test,legitimate,95.64,6,17,60.4,593,legitimate
txn_01236,train,legitimate,3.59,9,9,31.8,19,legitimate
txn_01237,test,legitimate,22.3,7,14,101.6,948,legitimate
txn_01238,test,legitimate,48.22,23,14,37.0,946,legitimate
txn_01239,train,legitimate,79.64,10,8,86.6,1199,legitimate
txn_01240,train,legitimate,125.81,6,8,66.0,1239,legitimate
txn_01241,train,legitimate,9.46,5,10,144.3,1238,legitimate
txn_01242,train,legitimate,16.48,1,8,64.3,1352,legitimate
txn_01243,train,legitimate,8.41,3,12,30.7,315,legitimate
txn_01244,train,legitimate,53.36,9,15,65.6,221,legitimate
txn_01245,train,legitimate,6.44,23,13,13.0,1266,legitimate
txn_01246,train,legitimate,76.58,12,11,47.8,1143,legitimate
txn_01247,train,legitimate,59.99,5,10,14.9,967,legitimate
txn_01248,test,legitimate,38.51,1,11,4.9,1301,legitimate
txn_01249,train,legitimate,2.79,17,12,44.0,505,legitimate
txn_01250,test,legitimate,12.19,16,13,202.9,1305,legitimate
txn_01251,train,legitimate,49.86,17,9,32.9,1292,legitimate
txn_01252,train,legitimate,5.87,2,10,14.0,1414,legitimate
txn_01253,test,legitimate,18.78,17,6,2.5,324,legitimate
txn_01254,train,legitimate,21.46,6,10,59.3,1265,legitimate
txn_01255,train,legitimate,57.31,7,8,10.7,208,legitimate
txn_01256,train,legitimate,31.45,22,11,20.9,963,legitimate
txn_01257,test,legitimate,31.2,5,15,49.7,1135,legitimate
txn_01258,train,legitimate,15.4,15,14,14.0,464,legitimate
txn_01259,train,legitimate,23.92,14,11,14.0,1471,legitimate
txn_01260,train,legitimate,20.83,2,8,38.1,399,legitimate
txn_01261,train,legitimate,48.83,23,10,26.4,471,legitimate
txn_01262,test,legitimate,19.92,9,12,22.2,1221,legitimate
txn_01263,train,legitimate,66.03,9,13,8.6,763,legitimate
txn_01264,train,fraud,5.71,4,16,24.7,676,legitimate
txn_01265,test,legitimate,77.85,5,8,46.8,515,legitimate
txn_01266,train,legitimate,20.1,12,15,32.3,1104,legitimate
txn_01267,train,legitimate,72.49,12,19,25.2,928,legitimate
txn_01268,train,legitimate,25.83,7,13,5.7,986,legitimate
txn_01269,train,legitimate,55.32,4,14,64.6,1294,legitimate
txn_01270,train,legitimate,104.02,22,10,24.0,1396,legitimate
txn_01271,train,fraud,17.66,8,9,45.0,1320,legitimate
txn_01272,train,legitimate,25.73,9,17,5.4,1354,legitimate
txn_01273,test,legitimate,20.1,17,16,32.9,1010,legitimate
txn_01274,train,legitimate,29.2,22,7,41.9,527,legitimate
txn_01275,test,legitimate,4.8,5,7,11.6,1043,legitimate
txn_01276,train,legitimate,20.07,8,12,18.7,214,legitimate
txn_01277,train,legitimate,18.58,10,12,18.2,504,legitimate
txn_01278,train,legitimate,10.93,0,6,0.6,355,legitimate
txn_01279,train,legitimate,19.6,15,7,33.3,626,legitimate
txn_01280,train,legitimate,5.18,21,13,9.0,1202,legitimate
txn_01281,train,legitimate,94.56,3,13,79.5,67,legitimate
txn_01282,test,legitimate,36.95,9,14,25.8,970,legitimate
txn_01283,train,legitimate,152.81,3,12,14.8,244,legitimate
txn_01284,test,legitimate,10.02,5,11,36.3,1295,legitimate
txn_01285,train,legitimate,7.5,23,14,54.2,311,legitimate
txn_01286,train,legitimate,31.38,14,15,25.7,1482,legitimate
txn_01287,train,legitimate,4.57,20,14,15.2,936,legitimate
txn_01288,test,legitimate,29.68,8,9,54.9,438,legitimate
txn_01289,train,legitimate,11.85,21,19,51.3,939,legitimate
txn_01290,test,legitimate,17.05,11,20,56.5,601,legitimate
txn_01291,train,legitimate,30.5,13,9,50.6,48,legitimate
txn_01292,train,legitimate,24.82,1,11,44.8,608,legitimate
txn_01293,train,fraud,191.69,12,12,30.0,379,fraud
txn_01294,train,legitimate,44.28,2,13,30.2,519,legitimate
txn_01295,train,fraud,8.5,2,16,59.7,1056,legitimate
txn_01296,train,legitimate,62.44,11,6,7.8,76,legitimate
txn_01297,train,legitimate,6.31,5,15,61.1,1272,legitimate
txn_01298,test,legitimate,25.82,0,11,4.6,109,legitimate
txn_01299,train,legitimate,6.91,2,11,1.5,1030,legitimate
txn_01300,train,legitimate,10.46,1,12,15.2,644,legitimate
txn_01301,train,legitimate,86.77,12,19,34.1,803,legitimate
txn_01302,train,legitimate,13.66,17,8,13.0,1124,legitimate
txn_01303,train,legitimate,12.53,10,13,27.2,43,legitimate
txn_01304,train,legitimate,13.59,4,11,4.0,988,legitimate
txn_01305,train,legitimate,17.38,4,12,22.5,717,legitimate
txn_01306,test,legitimate,98.32,13,12,6.1,1461,legitimate
txn_01307,test,legitimate,7.38,2,14,67.4,1498,legitimate
txn_01308,train,legitimate,6.97,5,12,113.6,710,legitimate
txn_01309,train,legitimate,41.92,13,13,24.6,243,legitimate
txn_01310,train,legitimate,4.89,0,14,70.1,860,legitimate
txn_01311,test,legitimate,16.46,3,14,20.5,353,legitimate
txn_01312,train,legitimate,72.25,18,9,11.1,61,legitimate
txn_01313,train,legitimate,23.64,0,12,6.9,1216,legitimate
txn_01314,train,legitimate,14.69,7,17,26.6,1061,legitimate
txn_01315,test,legitimate,11.7,5,9,24.3,1184,legitimate
txn_01316,train,legitimate,9.54,12,11,10.3,1352,legitimate
txn_01317,train,legitimate,13.15,19,10,16.3,1218,legitimate
txn_01318,test,legitimate,26.95,16,9,30.7,675,legitimate
txn_01319,train,legitimate,80.47,15,12,59.3,651,legitimate
txn_01320,test,legitimate,61.13,6,7,58.4,66,legitimate
txn_01321,train,legitimate,13.45,12,13,35.0,37,legitimate
txn_01322,train,legitimate,11.41,11,4,45.0,1211,legitimate
txn_01323,train,legitimate,46.7,5,12,8.3,1177,legitimate
txn_01324,test,legitimate,3.91,5,13,12.7,1060,legitimate
txn_01325,train,legitimate,15.21,11,9,39.2,1376,legitimate
txn_01326,test,legitimate,17.01,6,7,7.4,980,legitimate
txn_01327,train,legitimate,7.82,0,12,60.5,818,legitimate
txn_01328,test,legitimate,8.76,16,18,56.3,1246,legitimate
txn_01329,train,legitimate,33.0,7,12,40.4,587,legitimate
txn_01330,train,legitimate,4.56,18,8,59.9,1491,legitimate
txn_01331,train,legitimate,9.47,11,16,11.6,213,legitimate
txn_01332,test,legitimate,12.3,3,12,41.9,134,legitimate
txn_01333,train,legitimate,25.27,2,8,135.0,422,legitimate
txn_01334,train,legitimate,6.01,16,16,45.2,732,legitimate
txn_01335,train,legitimate,68.05,13,7,9.6,786,legitimate
txn_01336,test,legitimate,17.15,21,13,16.7,692,legitimate
txn_01337,test,legitimate,17.97,10,15,88.2,1156,legitimate
txn_01338,train,legitimate,16.23,11,13,16.9,1473,legitimate
txn_01339,train,legitimate,11.93,1,8,50.9,155,legitimate
txn_01340,test,legitimate,8.8,9,13,23.0,584,legitimate
txn_01341,test,legitimate,71.9,3,6,12.1,711,legitimate
txn_01342,test,legitimate,28.27,2,11,4.9,94,legitimate
txn_01343,train,legitimate,20.74,11,15,44.6,28,legitimate
txn_01344,train,legitimate,61.68,9,14,31.5,79,legitimate
txn_01345,train,legitimate,11.44,21,12,36.6,822,legitimate
txn_01346,train,legitimate,42.92,12,13,50.4,951,legitimate
txn_01347,train,legitimate,23.55,1,11,14.9,747,legitimate
txn_01348,train,legitimate,9.57,23,7,76.7,1351,legitimate
txn_01349,train,legitimate,48.68,13,18,9.2,725,legitimate
txn_01350,train,legitimate,5.26,1,12,30.5,1273,legitimate
txn_01351,train,legitimate,43.66,6,13,2.2,376,legitimate
txn_01352,train,legitimate,9.6,0,13,32.4,662,legitimate
txn_01353,test,legitimate,34.33,9,12,11.4,207,legitimate
txn_01354,train,legitimate,89.43,18,7,17.6,1149,legitimate
txn_01355,test,legitimate,40.09,22,7,18.2,1321,legitimate
txn_01356,test,legitimate,12.64,4,11,24.4,892,legitimate
txn_01357,test,legitimate,22.23,15,17,4.4,1415,legitimate
txn_01358,test,legitimate,15.91,3,12,74.6,1004,legitimate
txn_01359,train,legitimate,7.19,6,13,4.0,823,legitimate
txn_01360,train,legitimate,7.67,15,12,8.5,1498,legitimate
txn_01361,train,legitimate,23.8,10,12,85.6,1429,legitimate
txn_01362,train,legitimate,38.67,6,14,43.8,906,legitimate
txn_01363,train,fraud,5.14,23,12,25.3,596,fraud
txn_01364,test,legitimate,21.18,2,10,3.6,1015,legitimate
txn_01365,test,legitimate,37.42,20,10,26.6,570,legitimate
txn_01366,test,legitimate,25.28,2,15,3.8,995,legitimate
txn_01367,train,legitimate,8.45,10,7,17.7,548,legitimate
txn_01368,test,legitimate,62.77,10,12,75.4,1137,legitimate
txn_01369,test,legitimate,6.84,12,10,6.1,125,legitimate
txn_01370,train,legitimate,42.8,8,20,4.5,973,legitimate
txn_01371,train,legitimate,109.26,11,9,10.6,508,legitimate
txn_01372,train,legitimate,3.03,7,15,9.3,1051,legitimate
txn_01373,train,legitimate,29.08,3,10,16.3,633,legitimate
txn_01374,test,legitimate,30.71,11,12,23.0,807,legitimate
txn_01375,train,fraud,36.16,23,14,93.2,1056,legitimate
txn_01376,train,legitimate,10.59,5,8,6.8,1161,legitimate
txn_01377,train,legitimate,16.57,5,15,69.7,458,legitimate
txn_01378,test,fraud,7.31,21,10,47.7,1239,legitimate
txn_01379,train,legitimate,25.6,5,15,6.6,581,legitimate
txn_01380,train,legitimate,38.1,5,12,22.2,1413,legitimate
txn_01381,train,legitimate,11.68,2,12,1.5,1134,legitimate
txn_01382,train,legitimate,9.04,8,15,110.0,433,legitimate
txn_01383,test,legitimate,14.1,22,17,0.1,742,legitimate
txn_01384,test,legitimate,22.24,19,17,14.2,1420,legitimate
txn_01385,test,legitimate,23.79,21,10,51.7,916,legitimate
txn_01386,train,legitimate,20.22,3,16,33.4,845,legitimate
txn_01387,train,legitimate,23.95,15,8,33.7,630,legitimate
txn_01388,train,legitimate,6.18,20,6,183.6,583,legitimate
txn_01389,train,legitimate,1.53,12,16,41.8,288,legitimate
txn_01390,train,legitimate,40.98,4,12,64.7,185,legitimate
txn_01391,test,legitimate,90.28,13,11,9.9,605,legitimate
txn_01392,train,legitimate,5.56,0,11,0.3,1331,legitimate
txn_01393,train,legitimate,11.62,8,10,29.9,831,legitimate
txn_01394,test,legitimate,29.98,12,8,4.7,284,legitimate
txn_01395,test,legitimate,56.9,21,20,22.8,1292,legitimate
txn_01396,test,legitimate,42.16,2,18,41.2,179,legitimate
txn_01397,train,legitimate,78.18,13,10,2.6,561,legitimate
txn_01398,train,legitimate,21.15,5,8,32.5,1057,legitimate
txn_01399,test,legitimate,33.47,20,8,6.7,191,legitimate
txn_01400,train,legitimate,33.38,19,16,1.1,262,legitimate
txn_01401,test,legitimate,14.59,16,11,16.6,40,legitimate
txn_01402,train,legitimate,72.43,23,17,11.1,364,legitimate
txn_01403,train,legitimate,41.06,16,15,12.7,1469,legitimate
txn_01404,train,fraud,74.66,19,16,30.3,496,legitimate
txn_01405,train,legitimate,15.19,16,9,12.5,935,legitimate
txn_01406,train,legitimate,61.16,1,10,25.6,1461,legitimate
txn_01407,train,legitimate,7.92,18,13,8.4,1241,legitimate
txn_01408,train,legitimate,32.74,20,17,37.3,405,legitimate
txn_01409,train,legitimate,1.72,19,14,39.5,1216,legitimate
txn_01410,train,legitimate,8.27,10,15,156.6,681,legitimate
txn_01411,train,legitimate,45.78,16,16,5.1,839,legitimate
txn_01412,train,legitimate,14.3,17,12,39.7,863,legitimate
txn_01413,train,legitimate,26.35,7,14,23.1,310,legitimate
txn_01414,train,legitimate,4.54,19,11,7.7,639,legitimate
txn_01415,train,legitimate,101.21,6,13,132.9,726,legitimate
txn_01416,train,legitimate,39.84,20,11,62.1,691,legitimate
txn_01417,train,legitimate,21.66,4,18,181.2,133,legitimate
txn_01418,test,legitimate,33.38,8,8,81.2,707,legitimate
txn_01419,test,legitimate,30.63,20,9,3.9,832,legitimate
txn_01420,train,legitimate,88.8,3,12,3.7,1059,legitimate
txn_01421,train,legitimate,27.4,11,14,63.9,1391,legitimate
txn_01422,train,legitimate,5.26,21,16,21.3,1422,legitimate
txn_01423,train,legitimate,17.29,0,13,21.3,630,legitimate
txn_01424,train,legitimate,78.01,14,8,4.4,309,legitimate
txn_01425,train,fraud,49.78,14,13,14.5,729,legitimate
txn_01426,train,legitimate,14.71,6,8,1.3,276,legitimate
txn_01427,train,legitimate,40.34,20,16,42.5,405,legitimate
txn_01428,train,legitimate,24.89,15,9,28.7,1095,legitimate
txn_01429,train,legitimate,40.31,22,8,40.0,1240,legitimate
txn_01430,test,fraud,6.04,9,11,2.5,1367,legitimate
txn_01431,test,legitimate,9.22,22,8,0.5,1338,legitimate
txn_01432,train,legitimate,42.61,10,8,84.5,166,legitimate
txn_01433,train,legitimate,17.86,20,11,3.8,851,legitimate
txn_01434,test,legitimate,31.32,18,15,109.1,538,legitimate
txn_01435,train,legitimate,150.84,4,11,10.7,649,legitimate
txn_01436,train,legitimate,16.37,21,12,16.0,280,legitimate
txn_01437,train,legitimate,28.12,12,11,25.7,213,legitimate
txn_01438,train,legitimate,12.88,4,12,2.3,1098,legitimate
txn_01439,train,legitimate,12.05,17,14,6.3,922,legitimate
txn_01440,train,legitimate,20.64,6,15,22.4,94,legitimate
txn_01441,train,legitimate,5.36,15,9,24.3,270,legitimate
txn_01442,train,fraud,3.64,1,18,8.5,1242,fraud
txn_01443,train,legitimate,84.36,8,12,31.6,422,legitimate
txn_01444,test,legitimate,20.07,8,11,55.5,862,legitimate
txn_01445,train,legitimate,66.61,0,4,1.9,507,legitimate
txn_01446,train,legitimate,25.02,23,14,6.8,1026,legitimate
txn_01447,test,fraud,32.98,21,16,54.4,385,legitimate
txn_01448,train,legitimate,42.77,11,9,14.4,69,legitimate
txn_01449,train,legitimate,44.81,18,5,52.6,1036,legitimate
txn_01450,train,legitimate,6.85,2,13,118.1,823,legitimate
txn_01451,train,legitimate,72.32,20,16,4.7,916,legitimate
txn_01452,train,legitimate,8.6,1,16,9.2,671,legitimate
txn_01453,train,legitimate,27.09,9,14,47.3,1290,legitimate
txn_01454,train,legitimate,269.92,13,8,53.8,1449,legitimate
txn_01455,train,legitimate,24.03,5,13,13.0,1157,legitimate
txn_01456,test,legitimate,113.26,12,8,48.2,643,legitimate
txn_01457,train,legitimate,15.82,20,5,23.2,1212,legitimate
txn_01458,test,fraud,51.98,22,10,5.8,760,legitimate
txn_01459,train,legitimate,23.36,15,10,116.7,368,legitimate
txn_01460,train,legitimate,33.42,5,11,48.9,1251,legitimate
txn_01461,train,legitimate,9.64,16,10,4.1,874,legitimate
txn_01462,train,legitimate,9.06,9,16,0.8,1109,legitimate
txn_01463,train,legitimate,30.85,0,7,60.8,1282,legitimate
txn_01464,train,fraud,6.2,23,13,137.4,849,fraud
txn_01465,train,legitimate,9.75,2,16,21.1,897,legitimate
txn_01466,train,legitimate,41.61,18,12,10.4,291,legitimate
txn_01467,test,legitimate,12.19,18,8,19.2,390,legitimate
txn_01468,train,legitimate,9.33,8,13,26.8,309,legitimate
txn_01469,test,legitimate,7.53,21,15,35.8,1085,legitimate
txn_01470,train,legitimate,25.67,6,19,40.9,62,legitimate
txn_01471,train,legitimate,15.58,8,18,70.5,534,legitimate
txn_01472,test,legitimate,25.74,17,13,10.1,564,legitimate
txn_01473,train,legitimate,18.5,20,15,14.3,944,legitimate
txn_01474,train,legitimate,135.5,3,8,24.0,1310,legitimate
txn_01475,train,legitimate,14.52,4,10,20.8,1250,legitimate
txn_01476,train,legitimate,3.29,4,9,43.4,1235,legitimate
txn_01477,train,legitimate,24.91,13,6,45.0,797,legitimate
txn_01478,train,fraud,28.62,6,13,65.8,588,legitimate
txn_01479,train,legitimate,25.9,8,13,14.1,690,legitimate
txn_01480,train,legitimate,4.64,15,8,66.4,79,legitimate
txn_01481,train,legitimate,67.13,12,12,30.4,707,legitimate
txn_01482,train,legitimate,21.57,10,8,21.1,385,legitimate
txn_01483,test,legitimate,21.33,4,8,102.7,961,legitimate
txn_01484,train,legitimate,4.75,13,12,1.6,1338,legitimate
txn_01485,train,legitimate,35.29,9,15,41.4,1371,legitimate
txn_01486,train,fraud,26.79,12,16,38.8,976,legitimate
txn_01487,train,legitimate,83.04,11,12,14.3,741,legitimate
txn_01488,test,legitimate,14.83,23,8,32.7,80,legitimate
txn_01489,test,legitimate,6.67,13,14,43.8,958,legitimate
txn_01490,train,legitimate,25.21,20,12,18.2,968,legitimate
txn_01491,test,legitimate,9.13,4,10,6.5,1026,legitimate
txn_01492,train,legitimate,33.34,15,8,28.2,213,legitimate
txn_01493,test,legitimate,7.75,14,23,54.4,1183,legitimate
txn_01494,train,legitimate,19.62,21,9,14.6,140,legitimate
txn_01495,train,legitimate,17.84,5,16,8.9,145,legitimate
txn_01496,train,legitimate,21.52,0,8,14.0,534,legitimate
txn_01497,train,legitimate,13.48,23,10,11.5,835,legitimate
txn_01498,train,legitimate,10.1,22,14,47.2,92,legitimate
txn_01499,test,legitimate,20.99,5,13,42.9,174,legitimate
txn_01500,train,legitimate,12.65,13,10,22.7,310,legitimate
txn_01501,train,legitimate,25.81,2,13,34.1,42,legitimate
txn_01502,train,legitimate,17.07,7,11,28.0,338,legitimate
txn_01503,train,legitimate,2.5,6,14,62.1,230,legitimate
txn_01504,test,legitimate,20.94,15,14,3.8,399,legitimate
txn_01505,test,legitimate,85.82,13,13,8.1,1474,legitimate
txn_01506,train,legitimate,29.87,2,14,44.5,364,legitimate
txn_01507,train,fraud,51.11,10,7,2.5,901,legitimate
txn_01508,train,legitimate,34.63,19,17,5.5,856,legitimate
txn_01509,train,legitimate,14.1,15,16,30.9,1174,legitimate
txn_01510,train,legitimate,6.1,3,8,3.8,1054,legitimate
txn_01511,train,legitimate,48.8,2,10,113.9,872,legitimate
txn_01512,test,legitimate,61.88,17,20,59.8,584,legitimate
txn_01513,train,legitimate,38.54,9,15,26.3,944,legitimate
txn_01514,train,legitimate,33.57,2,10,23.1,688,legitimate
txn_01515,train,legitimate,32.62,13,12,27.6,525,legitimate
txn_01516,train,legitimate,21.65,2,14,34.6,1216,legitimate
txn_01517,train,legitimate,29.01,23,16,2.2,995,legitimate
txn_01518,train,legitimate,22.51,12,8,59.8,1084,legitimate
txn_01519,test,legitimate,30.51,21,17,95.2,414,legitimate
txn_01520,train,legitimate,8.91,7,14,47.7,77,legitimate
txn_01521,train,legitimate,12.1,13,10,30.1,820,legitimate
txn_01522,test,legitimate,38.57,7,14,18.1,619,legitimate
txn_01523,train,legitimate,16.04,7,14,31.4,779,legitimate
txn_01524,test,fraud,2.76,23,8,34.5,51,legitimate
txn_01525,train,legitimate,25.11,2,12,21.0,800,legitimate
txn_01526,train,legitimate,2.45,8,12,20.1,895,legitimate
txn_01527,train,legitimate,141.03,15,9,34.4,186,legitimate
txn_01528,test,legitimate,44.61,17,13,70.0,1220,legitimate
txn_01529,test,legitimate,42.61,13,9,16.5,769,legitimate
txn_01530,train,legitimate,11.74,6,12,20.6,1258,legitimate
txn_01531,train,legitimate,7.51,11,11,3.5,414,legitimate
txn_01532,train,legitimate,18.17,13,8,58.8,1158,legitimate
txn_01533,train,legitimate,22.73,17,15,10.3,30,legitimate
txn_01534,train,legitimate,10.62,20,13,45.0,420,legitimate
txn_01535,test,fraud,33.37,11,18,1.7,1137,legitimate
txn_01536,test,legitimate,43.25,8,15,9.9,797,legitimate
txn_01537,train,legitimate,39.77,18,12,17.8,186,legitimate
txn_01538,train,legitimate,8.22,3,9,15.4,819,legitimate
txn_01539,train,legitimate,2.79,6,7,0.7,1424,legitimate
txn_01540,test,legitimate,22.42,22,13,6.6,146,legitimate
txn_01541,train,legitimate,11.86,7,13,2.0,761,legitimate
txn_01542,train,legitimate,34.35,12,12,6.5,599,legitimate
txn_01543,test,legitimate,108.31,21,14,30.1,548,legitimate
txn_01544,train,legitimate,108.21,13,12,0.6,493,legitimate
txn_01545,test,legitimate,29.48,13,15,42.1,48,legitimate
txn_01546,train,legitimate,64.94,9,11,51.6,940,legitimate
txn_01547,train,legitimate,108.56,22,13,5.9,20,legitimate
txn_01548,train,legitimate,23.43,23,16,0.4,55,legitimate
txn_01549,train,legitimate,29.12,1,8,76.0,1022,legitimate
txn_01550,train,legitimate,50.82,23,13,84.1,1094,legitimate
txn_01551,test,legitimate,21.7,22,14,139.2,1042,legitimate
txn_01552,train,legitimate,13.92,18,16,2.1,1256,legitimate
txn_01553,train,legitimate,10.95,1,11,7.4,532,legitimate
txn_01554,train,legitimate,22.63,9,13,2.9,1236,legitimate
txn_01555,train,legitimate,12.41,17,11,9.4,1281,legitimate
txn_01556,train,legitimate,48.34,15,7,11.0,289,legitimate
txn_01557,train,legitimate,16.37,13,14,23.4,441,legitimate
txn_01558,train,legitimate,91.51,7,14,5.7,1182,legitimate
txn_01559,test,legitimate,71.87,2,15,34.4,786,legitimate
txn_01560,test,legitimate,6.89,14,10,30.5,693,legitimate
txn_01561,train,legitimate,63.49,7,10,17.1,214,legitimate
txn_01562,train,legitimate,15.37,20,10,30.8,723,legitimate
txn_01563,test,legitimate,83.84,11,7,17.8,530,legitimate
txn_01564,train,legitimate,36.95,0,11,22.3,1002,legitimate
txn_01565,test,legitimate,21.67,13,13,2.7,1087,legitimate
txn_01566,test,legitimate,43.07,19,8,139.4,1184,legitimate
txn_01567,train,legitimate,13.31,11,8,9.7,652,legitimate
txn_01568,test,legitimate,31.06,14,12,66.0,800,legitimate
txn_01569,train,legitimate,32.79,0,16,35.3,406,legitimate
txn_01570,test,legitimate,19.74,0,13,14.2,753,legitimate
txn_01571,test,legitimate,32.89,23,10,5.6,756,legitimate
txn_01572,train,legitimate,8.76,0,8,0.9,1101,legitimate
txn_01573,test,legitimate,38.74,8,11,31.9,1259,legitimate
txn_01574,train,legitimate,7.17,8,16,10.6,1435,legitimate
txn_01575,train,legitimate,41.28,17,13,6.0,877,legitimate
txn_01576,train,legitimate,35.77,21,12,29.6,188,legitimate
txn_01577,train,legitimate,44.86,22,18,21.2,400,legitimate
txn_01578,test,fraud,17.24,14,17,16.3,1124,legitimate
txn_01579,train,fraud,529.63,23,9,49.1,1337,legitimate
txn_01580,test,fraud,23.68,21,13,255.8,69,legitimate
txn_01581,test,legitimate,26.47,4,9,33.0,165,legitimate
txn_01582,train,legitimate,11.18,12,13,7.9,402,legitimate
txn_01583,test,legitimate,89.63,21,17,26.6,1128,legitimate
txn_01584,test,legitimate,14.68,2,10,99.2,654,legitimate
txn_01585,test,legitimate,59.21,12,11,15.8,668,legitimate
txn_01586,train,legitimate,9.37,21,14,5.1,1280,legitimate
txn_01587,train,legitimate,30.95,15,9,43.2,792,legitimate
txn_01588,train,legitimate,16.2,9,19,23.0,266,legitimate
txn_01589,train,legitimate,55.95,5,12,29.2,386,legitimate
txn_01590,test,legitimate,17.52,13,17,29.7,1487,legitimate
txn_01591,train,legitimate,10.18,3,11,106.7,391,legitimate
txn_01592,test,legitimate,35.55,19,11,55.9,532,legitimate
txn_01593,train,legitimate,7.45,13,7,45.9,231,legitimate
txn_01594,train,legitimate,9.33,18,9,37.7,440,legitimate
txn_01595,test,legitimate,48.09,21,17,7.6,817,legitimate
txn_01596,test,legitimate,3.92,21,11,25.6,392,legitimate
txn_01597,train,legitimate,47.76,10,14,27.3,1083,legitimate
txn_01598,train,legitimate,15.89,16,11,19.6,390,legitimate
txn_01599,train,legitimate,9.76,22,20,13.3,12,legitimate
txn_01600,train,legitimate,29.35,14,15,201.5,900,legitimate
txn_01601,train,legitimate,42.43,16,10,58.3,424,legitimate
txn_01602,test,legitimate,13.39,9,9,7.4,721,legitimate
txn_01603,test,legitimate,19.75,0,15,41.9,732,legitimate
txn_01604,train,legitimate,49.88,2,16,7.3,337,legitimate
txn_01605,train,legitimate,47.72,22,10,18.5,1453,legitimate
txn_01606,test,legitimate,22.29,5,16,23.3,1050,legitimate
txn_01607,train,legitimate,11.29,2,7,48.2,755,legitimate
txn_01608,test,legitimate,9.56,4,7,53.3,689,legitimate
txn_01609,test,legitimate,13.34,5,9,1.9,823,legitimate
txn_01610,test,legitimate,44.65,17,15,37.4,930,legitimate
txn_01611,train,legitimate,40.57,13,18,18.3,804,legitimate
txn_01612,test,legitimate,31.35,9,17,27.8,1482,legitimate
txn_01613,test,legitimate,87.81,22,13,2.9,251,legitimate
txn_01614,train,legitimate,17.73,13,14,4.8,1111,legitimate
txn_01615,train,legitimate,16.46,3,16,4.4,791,legitimate
txn_01616,train,legitimate,16.39,0,8,4.7,1025,legitimate
txn_01617,train,legitimate,143.82,7,14,114.1,240,legitimate
txn_01618,test,legitimate,3.38,11,11,11.3,14,legitimate
txn_01619,test,legitimate,31.12,1,20,31.6,1194,legitimate
txn_01620,test,legitimate,36.08,22,13,74.3,142,legitimate
txn_01621,train,legitimate,25.12,2,7,41.6,1171,legitimate
txn_01622,train,legitimate,215.23,1,16,30.0,757,legitimate
txn_01623,test,legitimate,71.73,10,10,64.3,1151,legitimate
txn_01624,train,legitimate,49.19,21,18,53.1,894,legitimate
txn_01625,train,legitimate,10.18,13,17,9.4,332,legitimate
txn_01626,train,legitimate,38.07,12,13,29.3,643,legitimate
txn_01627,test,legitimate,16.76,12,15,49.8,648,legitimate
txn_01628,train,legitimate,24.84,7,11,37.3,17,legitimate
txn_01629,test,legitimate,28.82,1,17,20.8,135,legitimate
txn_01630,train,legitimate,15.15,10,21,2.0,1475,legitimate
txn_01631,test,legitimate,43.37,10,18,7.3,870,legitimate
txn_01632,test,legitimate,111.2,1,8,1.7,648,legitimate
txn_01633,test,legitimate,63.55,10,14,69.6,301,legitimate
txn_01634,train,legitimate,29.36,17,8,3.4,1287,legitimate
txn_01635,train,legitimate,3.88,22,15,7.3,1233,legitimate
txn_01636,train,legitimate,66.79,18,15,44.7,1414,legitimate
txn_01637,train,legitimate,66.26,7,15,2.3,813,legitimate
txn_01638,test,legitimate,20.03,4,19,52.5,932,legitimate
txn_01639,test,legitimate,15.33,15,15,31.5,332,legitimate
txn_01640,train,legitimate,44.73,2,9,39.2,1040,legitimate
txn_01641,train,legitimate,11.24,11,9,38.5,862,legitimate
txn_01642,test,legitimate,51.0,8,16,21.7,181,legitimate
txn_01643,train,legitimate,8.72,18,10,49.0,606,legitimate
txn_01644,train,legitimate,10.14,11,12,69.1,270,legitimate
txn_01645,train,legitimate,24.51,14,10,8.1,997,legitimate
txn_01646,train,legitimate,6.14,3,12,7.7,170,legitimate
txn_01647,train,legitimate,24.22,23,15,25.0,1333,legitimate
txn_01648,train,legitimate,39.9,20,12,13.0,1051,legitimate
txn_01649,train,legitimate,7.02,15,8,5.7,32,legitimate
txn_01650,train,legitimate,57.84,14,15,14.7,1459,legitimate
txn_01651,train,legitimate,14.29,8,12,17.0,398,legitimate
txn_01652,train,legitimate,40.59,12,19,21.2,139,legitimate
txn_01653,train,fraud,38.05,10,14,2.8,1304,legitimate
txn_01654,train,legitimate,15.8,14,12,70.6,1305,legitimate
txn_01655,train,legitimate,14.84,20,6,31.4,185,legitimate
txn_01656,test,legitimate,4.88,8,10,18.5,900,legitimate
txn_01657,test,legitimate,12.62,8,4,55.4,851,legitimate
txn_01658,train,legitimate,11.77,21,7,28.8,675,legitimate
txn_01659,train,legitimate,113.7,22,11,37.6,1434,legitimate
txn_01660,train,legitimate,63.23,16,9,7.8,5,legitimate
txn_01661,train,legitimate,6.72,10,13,7.7,327,legitimate
txn_01662,train,legitimate,51.6,0,11,5.0,1116,legitimate
txn_01663,train,legitimate,29.97,22,15,25.0,1352,legitimate
txn_01664,test,legitimate,17.03,8,11,19.2,351,legitimate
txn_01665,train,legitimate,37.56,3,14,19.1,397,legitimate
txn_01666,test,legitimate,51.16,2,13,7.9,594,legitimate
txn_01667,train,legitimate,14.28,18,12,24.4,859,legitimate
txn_01668,train,fraud,24.18,1,9,52.8,96,legitimate
txn_01669,train,legitimate,28.47,10,13,12.9,1003,legitimate
txn_01670,train,legitimate,9.68,6,15,32.3,949,legitimate
txn_01671,train,legitimate,28.99,5,7,86.3,118,legitimate
txn_01672,train,legitimate,22.61,11,12,87.1,1290,legitimate
txn_01673,train,legitimate,12.9,14,7,47.4,1281,legitimate
txn_01674,train,legitimate,11.09,8,10,14.0,56,legitimate
txn_01675,train,legitimate,32.5,1,9,4.1,1243,legitimate
txn_01676,train,legitimate,55.47,3,14,59.6,117,legitimate
txn_01677,train,legitimate,33.29,4,12,87.5,37,legitimate
txn_01678,test,legitimate,10.96,18,6,65.4,77,legitimate
txn_01679,train,legitimate,49.27,20,9,3.3,724,legitimate
txn_01680,test,legitimate,28.66,13,10,5.8,837,legitimate
txn_01681,train,legitimate,42.56,12,14,57.9,1387,legitimate
txn_01682,train,legitimate,72.68,21,14,0.9,1046,legitimate
txn_01683,train,legitimate,10.49,8,13,78.8,528,legitimate
txn_01684,train,legitimate,21.45,15,13,4.5,331,legitimate
txn_01685,test,legitimate,13.97,3,11,35.5,661,legitimate
txn_01686,train,legitimate,10.79,7,12,110.7,1305,legitimate
txn_01687,train,legitimate,159.62,3,11,33.9,482,legitimate
txn_01688,test,legitimate,58.89,11,17,9.9,295,legitimate
txn_01689,test,legitimate,4.68,5,14,30.5,105,legitimate
txn_01690,train,legitimate,36.46,21,10,16.6,165,legitimate
txn_01691,train,legitimate,14.55,11,15,1.9,146,legitimate
txn_01692,train,legitimate,71.63,1,4,56.7,598,legitimate
txn_01693,train,fraud,33.98,0,13,13.7,1003,legitimate
txn_01694,train,legitimate,20.79,22,13,5.1,722,legitimate
txn_01695,train,legitimate,27.97,4,18,51.6,405,legitimate
txn_01696,test,legitimate,35.06,15,9,11.0,1150,legitimate
txn_01697,train,legitimate,25.18,10,11,3.0,1429,legitimate
txn_01698,test,legitimate,19.94,7,13,8.7,73,legitimate
txn_01699,train,legitimate,21.52,21,7,93.9,1352,legitimate
txn_01700,train,legitimate,39.5,14,8,20.3,178,legitimate
txn_01701,train,legitimate,8.53,20,11,50.0,1091,legitimate
txn_01702,test,legitimate,24.45,4,9,31.1,1209,legitimate
txn_01703,test,legitimate,21.9,22,11,16.7,748,legitimate
txn_01704,train,legitimate,15.56,1,16,3.5,910,legitimate
txn_01705,train,legitimate,48.77,5,20,28.9,1144,legitimate
txn_01706,train,legitimate,7.34,12,11,26.2,1338,legitimate
txn_01707,train,legitimate,17.42,2,13,1.2,18,legitimate
txn_01708,train,legitimate,11.05,0,6,4.4,713,legitimate
txn_01709,test,legitimate,40.78,20,9,44.3,1421,legitimate
txn_01710,train,legitimate,15.83,5,6,9.9,1104,legitimate
txn_01711,test,legitimate,25.65,16,8,79.0,1463,legitimate
txn_01712,train,legitimate,35.12,17,11,15.1,1006,legitimate
txn_01713,train,legitimate,5.51,5,14,142.7,890,legitimate
txn_01714,train,legitimate,37.4,20,14,3.0,954,legitimate
txn_01715,train,legitimate,12.19,10,12,65.4,851,legitimate
txn_01716,train,legitimate,19.33,4,15,13.3,770,legitimate
txn_01717,train,legitimate,22.07,22,18,37.2,1118,legitimate
txn_01718,train,legitimate,52.18,17,9,9.9,917,legitimate
txn_01719,train,legitimate,48.86,19,10,9.5,2,legitimate
txn_01720,test,legitimate,127.58,3,11,20.4,369,legitimate
txn_01721,train,legitimate,28.93,22,9,12.9,1045,legitimate
txn_01722,train,legitimate,15.71,22,10,1.5,331,legitimate
txn_01723,train,legitimate,15.33,11,15,123.2,565,legitimate
txn_01724,train,legitimate,45.16,23,14,4.4,1444,legitimate
txn_01725,test,legitimate,109.57,4,13,19.3,6,legitimate
txn_01726,train,legitimate,33.72,9,10,14.0,223,legitimate
txn_01727,train,legitimate,14.32,12,14,39.5,653,legitimate
txn_01728,train,legitimate,31.69,17,15,77.9,922,legitimate
txn_01729,train,legitimate,31.15,2,15,37.3,1387,legitimate
txn_01730,train,legitimate,25.29,0,8,28.0,711,legitimate
txn_01731,train,fraud,15.74,2,15,6.8,884,legitimate
txn_01732,train,legitimate,2.29,2,11,19.8,1357,legitimate
txn_01733,test,legitimate,14.86,2,20,1.3,394,legitimate
txn_01734,train,legitimate,65.58,18,12,33.1,500,legitimate
txn_01735,train,legitimate,29.92,6,11,23.6,753,legitimate
txn_01736,train,legitimate,3.12,8,18,28.8,263,legitimate
txn_01737,train,fraud,31.65,3,13,2.8,1239,legitimate
txn_01738,test,legitimate,4.37,22,18,1.3,1278,legitimate
txn_01739,train,legitimate,157.3,6,11,1.0,219,legitimate
txn_01740,train,legitimate,29.31,16,6,4.9,22,legitimate
txn_01741,test,legitimate,7.97,16,11,22.2,1439,legitimate
txn_01742,train,legitimate,51.68,9,15,76.7,873,legitimate
txn_01743,train,legitimate,11.82,16,12,7.7,234,legitimate
txn_01744,test,legitimate,41.45,14,18,5.5,528,legitimate
txn_01745,train,legitimate,25.03,0,15,9.9,197,legitimate
txn_01746,test,legitimate,8.15,15,12,0.7,565,legitimate
txn_01747,train,legitimate,45.65,20,16,4.0,40,legitimate
txn_01748,train,legitimate,7.02,13,15,8.7,613,legitimate
txn_01749,train,legitimate,85.78,19,21,12.6,1332,legitimate
txn_01750,train,legitimate,25.96,19,15,109.5,1383,legitimate
txn_01751,test,fraud,12.05,22,18,78.7,927,legitimate
txn_01752,test,legitimate,4.51,17,7,25.8,1317,legitimate
txn_01753,train,legitimate,110.97,5,7,28.0,974,legitimate
txn_01754,test,legitimate,95.14,21,13,20.3,593,legitimate
txn_01755,train,legitimate,7.58,17,14,4.6,601,legitimate
txn_01756,train,legitimate,114.15,9,21,31.2,288,legitimate
txn_01757,train,legitimate,28.68,13,12,0.9,157,legitimate
txn_01758,train,fraud,25.62,14,11,153.9,236,legitimate
txn_01759,test,legitimate,22.62,16,15,74.9,554,legitimate
txn_01760,test,legitimate,19.09,9,14,38.3,1240,legitimate
txn_01761,test,legitimate,93.35,21,14,74.3,249,legitimate
txn_01762,train,legitimate,28.23,0,12,12.0,1032,legitimate
txn_01763,train,legitimate,4.39,1,11,87.8,860,legitimate
txn_01764,train,legitimate,173.25,23,18,32.2,874,legitimate
txn_01765,train,legitimate,55.9,20,11,62.4,988,legitimate
txn_01766,test,legitimate,8.87,5,13,3.4,994,legitimate
txn_01767,train,legitimate,17.59,20,8,66.0,802,legitimate
txn_01768,train,legitimate,10.54,9,15,29.7,615,legitimate
txn_01769,test,legitimate,25.62,15,16,33.9,568,legitimate
txn_01770,test,legitimate,35.45,9,12,0.5,337,legitimate
txn_01771,test,legitimate,30.64,9,8,1.0,392,legitimate
txn_01772,train,legitimate,14.03,14,14,3.8,1388,legitimate
txn_01773,train,legitimate,11.62,12,10,11.5,1021,legitimate
txn_01774,test,legitimate,54.11,7,13,15.7,986,legitimate
txn_01775,train,legitimate,22.33,3,9,109.0,271,legitimate
txn_01776,test,fraud,257.7,3,11,7.6,1478,legitimate
txn_01777,train,legitimate,11.54,17,9,38.5,1395,legitimate
txn_01778,test,legitimate,51.23,6,11,10.2,812,legitimate
txn_01779,train,legitimate,25.68,13,12,7.7,751,legitimate
txn_01780,test,legitimate,12.06,22,14,45.9,584,legitimate
txn_01781,test,legitimate,87.55,13,7,9.9,802,legitimate
txn_01782,train,legitimate,27.53,5,8,7.1,692,legitimate
txn_01783,test,legitimate,10.65,17,16,119.3,1278,legitimate
txn_01784,train,legitimate,18.21,4,10,0.9,401,legitimate
txn_01785,train,legitimate,63.45,2,15,9.8,178,legitimate
txn_01786,train,legitimate,7.81,20,19,31.5,1358,legitimate
txn_01787,train,legitimate,88.92,1,7,20.7,1377,legitimate
txn_01788,train,legitimate,46.52,15,14,13.5,412,legitimate
txn_01789,train,fraud,24.29,2,9,31.5,1342,fraud
txn_01790,train,legitimate,87.14,19,17,35.9,847,legitimate
txn_01791,test,legitimate,125.72,1,10,12.2,563,legitimate
txn_01792,test,fraud,55.12,12,11,54.7,781,legitimate
txn_01793,train,legitimate,28.77,19,12,26.4,254,legitimate
txn_01794,train,legitimate,137.88,3,17,33.1,291,legitimate
txn_01795,test,legitimate,99.26,3,9,37.5,1195,legitimate
txn_01796,test,legitimate,10.31,4,6,84.5,130,legitimate
txn_01797,train,legitimate,20.22,9,15,32.1,66,legitimate
txn_01798,train,legitimate,20.06,3,18,20.2,927,legitimate
txn_01799,train,legitimate,16.7,15,14,22.8,1127,legitimate
txn_01800,test,legitimate,6.04,0,7,56.6,1181,legitimate
txn_01801,train,legitimate,57.07,6,13,1.3,1089,legitimate
txn_01802,test,legitimate,26.53,0,15,31.7,1302,legitimate
txn_01803,test,legitimate,26.91,21,14,64.3,202,legitimate
txn_01804,train,legitimate,91.74,5,13,112.1,1358,legitimate
txn_01805,train,legitimate,14.45,21,17,0.9,2,legitimate
txn_01806,train,legitimate,23.26,21,13,32.5,1220,legitimate
txn_01807,train,legitimate,31.71,9,11,25.2,172,legitimate
txn_01808,train,legitimate,16.36,0,10,13.4,472,legitimate
txn_01809,test,legitimate,22.11,14,20,4.4,1062,legitimate
txn_01810,train,legitimate,50.32,4,12,35.1,903,legitimate
txn_01811,test,legitimate,24.33,18,12,19.0,650,legitimate
txn_01812,train,legitimate,85.49,23,9,58.7,652,legitimate
txn_01813,train,legitimate,12.13,23,15,38.4,1455,legitimate
txn_01814,test,legitimate,29.64,8,17,15.9,461,legitimate
txn_01815,train,fraud,8.26,16,6,46.7,199,legitimate
txn_01816,test,legitimate,21.96,21,13,9.3,751,legitimate
txn_01817,test,legitimate,12.69,10,12,15.2,1441,legitimate
txn_01818,test,fraud,113.16,7,8,31.0,685,legitimate
txn_01819,train,legitimate,49.35,1,11,89.6,1447,legitimate
txn_01820,train,legitimate,39.57,2,7,11.7,1404,legitimate
txn_01821,test,legitimate,138.84,15,6,57.2,462,legitimate
txn_01822,train,legitimate,95.23,5,10,46.8,1323,legitimate
txn_01823,test,legitimate,48.19,15,13,53.6,91,legitimate
txn_01824,test,legitimate,12.82,4,16,19.4,1497,legitimate
txn_01825,test,fraud,8.09,16,13,3.2,1250,legitimate
txn_01826,train,legitimate,23.86,5,13,67.6,21,legitimate
txn_01827,train,fraud,22.55,8,18,218.1,975,legitimate
txn_01828,train,legitimate,13.35,3,15,15.7,5,legitimate
txn_01829,train,legitimate,18.67,20,11,17.9,1071,legitimate
txn_01830,train,legitimate,5.17,4,11,6.8,981,legitimate
txn_01831,test,legitimate,99.8,14,15,5.9,272,legitimate
txn_01832,train,legitimate,8.38,22,13,72.3,1122,legitimate
txn_01833,test,legitimate,13.03,9,8,25.4,80,legitimate
txn_01834,train,legitimate,41.96,1,13,85.5,255,legitimate
txn_01835,train,legitimate,5.29,5,12,16.4,416,legitimate
txn_01836,test,fraud,75.03,14,16,20.3,991,legitimate
txn_01837,train,legitimate,59.38,0,11,28.0,1306,legitimate
txn_01838,train,legitimate,18.27,6,12,66.4,1388,legitimate
txn_01839,test,legitimate,8.88,17,11,8.8,21,legitimate
txn_01840,train,legitimate,15.69,23,14,3.0,1076,legitimate
txn_01841,test,legitimate,4.28,7,7,9.6,1218,legitimate
txn_01842,train,legitimate,90.87,15,12,20.1,434,legitimate
txn_01843,test,legitimate,25.82,20,12,13.0,289,legitimate
txn_01844,train,legitimate,12.25,7,16,8.1,395,legitimate
txn_01845,test,legitimate,10.42,7,10,51.7,457,legitimate
txn_01846,train,legitimate,42.16,19,4,48.4,1494,legitimate
txn_01847,test,legitimate,101.42,7,18,7.2,850,legitimate
txn_01848,train,legitimate,7.37,22,9,0.3,1234,legitimate
txn_01849,train,legitimate,14.26,18,12,0.3,1337,legitimate
txn_01850,train,legitimate,4.66,21,8,21.8,365,legitimate
txn_01851,train,legitimate,46.46,9,17,9.4,827,legitimate
txn_01852,train,legitimate,28.44,17,9,24.2,1084,legitimate
txn_01853,train,legitimate,207.5,23,13,35.9,839,legitimate
txn_01854,train,legitimate,21.85,6,18,27.2,1373,legitimate
txn_01855,train,legitimate,16.25,13,9,32.6,1144,legitimate
txn_01856,test,legitimate,12.55,2,19,62.6,96,legitimate
txn_01857,train,legitimate,54.97,22,12,41.0,1053,legitimate
txn_01858,train,fraud,6.75,4,15,6.1,1289,legitimate
txn_01859,train,fraud,64.07,2,15,148.3,1273,legitimate
txn_01860,test,legitimate,30.99,18,15,24.6,509,legitimate
txn_01861,train,fraud,19.52,1,14,142.7,467,legitimate
txn_01862,test,legitimate,10.44,20,15,22.2,742,legitimate
txn_01863,train,legitimate,66.58,0,17,1.9,1429,legitimate
txn_01864,train,legitimate,142.97,15,15,3.0,337,legitimate
txn_01865,test,legitimate,16.08,21,9,28.2,1453,legitimate
txn_01866,train,legitimate,40.5,23,13,15.6,563,legitimate
txn_01867,test,legitimate,127.83,11,13,15.5,1083,legitimate
txn_01868,train,legitimate,13.63,16,14,3.4,75,legitimate
txn_01869,train,legitimate,19.32,17,12,1.0,82,legitimate
txn_01870,train,legitimate,7.72,19,9,2.6,926,legitimate
txn_01871,train,legitimate,21.33,12,13,3.6,578,legitimate
txn_01872,train,legitimate,22.71,19,13,12.5,40,legitimate
txn_01873,test,legitimate,16.5,23,16,42.2,1190,legitimate
txn_01874,train,legitimate,12.17,0,16,23.8,1488,legitimate
txn_01875,train,legitimate,5.46,19,8,14.3,331,legitimate
txn_01876,train,legitimate,6.85,15,9,53.5,443,legitimate
txn_01877,train,legitimate,9.71,11,13,61.3,726,legitimate
txn_01878,train,legitimate,45.09,12,14,44.9,158,legitimate
txn_01879,train,legitimate,15.13,4,6,17.5,488,legitimate
txn_01880,train,legitimate,10.93,22,16,15.1,230,legitimate
txn_01881,train,legitimate,45.75,9,13,7.5,243,legitimate
txn_01882,train,legitimate,41.87,3,10,11.6,1271,legitimate
txn_01883,train,legitimate,11.98,9,14,30.5,852,legitimate
txn_01884,test,legitimate,13.53,11,15,74.2,805,legitimate
txn_01885,train,legitimate,45.96,8,11,23.4,544,legitimate
txn_01886,train,legitimate,34.71,12,7,63.6,1301,legitimate
txn_01887,train,legitimate,11.08,17,14,46.9,1230,legitimate
txn_01888,train,legitimate,30.84,13,17,49.6,101,legitimate
txn_01889,test,legitimate,23.86,20,8,7.1,132,legitimate
txn_01890,train,legitimate,70.78,10,8,19.6,348,legitimate
txn_01891,train,legitimate,10.75,19,17,180.8,1345,legitimate
txn_01892,train,legitimate,56.84,10,14,68.8,1085,legitimate
txn_01893,test,legitimate,37.02,4,12,17.3,565,legitimate
txn_01894,test,legitimate,9.39,16,9,6.7,647,legitimate
txn_01895,train,legitimate,66.95,4,11,28.7,1094,legitimate
txn_01896,test,legitimate,58.32,0,7,3.2,401,legitimate
txn_01897,train,legitimate,6.98,16,22,31.2,326,legitimate
txn_01898,test,fraud,208.24,7,9,147.3,1210,legitimate
txn_01899,train,legitimate,8.23,17,14,10.8,123,legitimate
txn_01900,train,legitimate,10.22,9,16,22.2,1295,legitimate
txn_01901,train,legitimate,18.04,18,11,24.3,73,legitimate
txn_01902,train,legitimate,51.15,9,6,6.9,745,legitimate
txn_01903,train,legitimate,42.78,21,17,6.0,396,legitimate
txn_01904,train,legitimate,22.41,17,11,20.1,712,legitimate
txn_01905,train,legitimate,90.41,8,15,26.8,325,legitimate
txn_01906,test,legitimate,36.11,3,13,7.7,326,legitimate
txn_01907,train,legitimate,93.05,1,9,20.3,948,legitimate
txn_01908,train,legitimate,362.59,19,5,4.5,1016,legitimate
txn_01909,train,legitimate,29.52,8,12,136.3,926,legitimate
txn_01910,train,legitimate,2.09,14,12,31.9,43,legitimate
txn_01911,test,legitimate,15.91,7,8,46.4,1353,legitimate
txn_01912,train,legitimate,8.76,18,20,40.7,1436,legitimate
txn_01913,train,legitimate,26.8,2,16,156.6,925,legitimate
txn_01914,train,legitimate,26.94,22,10,5.3,406,legitimate
txn_01915,test,legitimate,7.57,16,10,77.4,838,legitimate
txn_01916,train,legitimate,8.12,1,8,72.1,865,legitimate
txn_01917,train,legitimate,19.05,12,12,11.9,395,legitimate
txn_01918,test,legitimate,20.31,22,13,100.4,718,legitimate
txn_01919,test,legitimate,2.01,14,10,85.1,49,legitimate
txn_01920,test,legitimate,62.5,14,10,6.6,193,legitimate
txn_01921,train,legitimate,25.27,20,13,21.1,927,legitimate
txn_01922,train,legitimate,24.3,13,7,5.5,829,legitimate
txn_01923,train,legitimate,32.64,13,14,19.3,250,legitimate
txn_01924,test,legitimate,9.15,4,11,86.7,1417,legitimate
txn_01925,test,legitimate,23.36,21,11,1.7,1495,legitimate
txn_01926,train,legitimate,66.72,11,14,5.3,1499,legitimate
txn_01927,train,legitimate,69.3,19,14,2.5,1021,legitimate
txn_01928,test,legitimate,38.31,5,15,30.7,839,legitimate
txn_01929,train,legitimate,18.74,12,10,89.9,50,legitimate
txn_01930,train,legitimate,11.1,23,11,50.0,1123,legitimate
txn_01931,test,legitimate,87.84,14,11,76.9,654,legitimate
txn_01932,test,legitimate,40.73,0,13,15.4,420,legitimate
txn_01933,test,legitimate,16.29,11,9,45.3,140,legitimate
txn_01934,train,legitimate,3.0,1,11,0.4,451,legitimate
txn_01935,train,legitimate,10.56,9,11,44.1,0,legitimate
txn_01936,train,legitimate,3.78,10,16,51.9,724,legitimate
txn_01937,train,legitimate,82.17,17,11,70.1,592,legitimate
txn_01938,train,legitimate,29.45,14,14,79.5,408,legitimate
txn_01939,test,legitimate,11.9,14,15,38.5,1390,legitimate
txn_01940,test,legitimate,18.75,20,20,14.7,1281,legitimate
txn_01941,test,legitimate,306.68,8,15,21.9,196,legitimate
txn_01942,train,legitimate,80.09,21,13,38.0,1168,legitimate
txn_01943,train,legitimate,6.63,15,16,11.5,1483,legitimate
txn_01944,train,legitimate,21.6,9,10,53.3,1372,legitimate
txn_01945,train,legitimate,7.39,12,14,91.1,670,legitimate
txn_01946,test,legitimate,4.57,2,17,13.8,1356,legitimate
txn_01947,test,legitimate,29.08,2,10,4.8,454,legitimate
txn_01948,train,legitimate,259.36,22,11,2.9,1005,legitimate
txn_01949,train,legitimate,112.76,17,16,8.5,1396,legitimate
txn_01950,test,legitimate,25.6,11,13,49.5,346,legitimate
txn_01951,test,legitimate,16.98,11,7,1.9,470,legitimate
txn_01952,test,legitimate,29.88,18,12,14.6,88,legitimate
txn_01953,train,legitimate,67.53,22,14,25.0,227,legitimate
txn_01954,train,legitimate,5.86,8,12,12.8,921,legitimate
txn_01955,train,legitimate,3.93,21,8,23.9,1373,legitimate
txn_01956,test,legitimate,155.11,2,12,31.0,638,legitimate
txn_01957,train,legitimate,32.29,2,16,13.7,1382,legitimate
txn_01958,train,legitimate,118.66,23,13,42.6,847,legitimate
txn_01959,train,legitimate,30.98,6,12,26.9,1169,legitimate
txn_01960,train,legitimate,104.7,11,15,42.8,1138,legitimate
txn_01961,train,legitimate,13.45,16,16,11.7,1151,legitimate
txn_01962,test,legitimate,40.02,4,16,97.1,440,legitimate
txn_01963,train,legitimate,112.9,4,9,10.9,695,legitimate
txn_01964,train,legitimate,67.01,16,14,11.6,249,legitimate
txn_01965,train,legitimate,15.6,19,15,54.8,1276,legitimate
txn_01966,train,legitimate,59.22,0,15,17.4,670,legitimate
txn_01967,test,legitimate,12.74,16,10,7.2,609,legitimate
txn_01968,train,legitimate,6.01,5,14,21.2,1124,legitimate
txn_01969,train,legitimate,41.11,22,10,76.6,719,legitimate
txn_01970,train,legitimate,97.6,0,9,88.6,1099,legitimate
txn_01971,test,fraud,72.87,8,11,13.6,238,legitimate
txn_01972,train,legitimate,7.08,21,14,23.6,1038,legitimate
txn_01973,test,legitimate,57.89,16,13,48.9,796,legitimate
txn_01974,train,legitimate,48.0,16,10,26.9,1003,legitimate
txn_01975,train,legitimate,15.57,14,11,11.5,1071,legitimate
txn_01976,test,legitimate,2.1,6,10,9.6,450,legitimate
txn_01977,test,legitimate,66.99,16,11,16.6,391,legitimate
txn_01978,train,legitimate,58.98,13,10,8.3,1169,legitimate
txn_01979,test,fraud,51.53,22,11,52.0,204,legitimate
txn_01980,train,legitimate,4.42,10,10,6.2,1014,legitimate
txn_01981,train,legitimate,5.61,8,10,5.7,113,legitimate
txn_01982,test,legitimate,66.88,2,17,9.0,769,legitimate
txn_01983,train,legitimate,54.37,5,14,13.6,708,legitimate
txn_01984,train,legitimate,40.05,7,20,5.2,476,legitimate
txn_01985,train,legitimate,19.21,19,10,16.9,161,legitimate
txn_01986,test,legitimate,36.26,17,11,6.2,1101,legitimate
txn_01987,train,legitimate,14.33,3,11,19.6,632,legitimate
txn_01988,train,legitimate,17.99,1,14,84.5,433,legitimate
txn_01989,test,fraud,13.32,13,17,122.9,914,legitimate
txn_01990,train,legitimate,31.69,13,13,42.0,670,legitimate
txn_01991,train,legitimate,16.19,22,22,60.8,89,legitimate
txn_01992,train,legitimate,63.17,14,14,29.5,52,legitimate
txn_01993,train,legitimate,50.18,20,16,18.6,1185,legitimate
txn_01994,train,legitimate,10.94,7,10,1.6,790,legitimate
txn_01995,test,legitimate,152.36,16,11,20.6,142,legitimate
txn_01996,test,legitimate,8.03,23,11,33.6,856,legitimate
txn_01997,train,legitimate,38.39,0,10,19.4,178,legitimate
txn_01998,train,legitimate,72.09,0,6,135.2,538,legitimate
txn_01999,train,legitimate,87.81,23,12,3.5,981,legitimate
txn_02000,train,legitimate,2.73,3,9,3.1,1411,legitimate
txn_02001,test,legitimate,66.47,10,12,32.6,1411,legitimate
txn_02002,train,fraud,106.16,23,16,149.6,1463,legitimate
txn_02003,train,legitimate,102.85,6,13,6.9,173,legitimate
txn_02004,train,legitimate,2.67,20,8,21.9,530,legitimate
txn_02005,train,legitimate,12.5,1,10,23.7,1050,legitimate
txn_02006,train,legitimate,22.23,18,17,9.7,252,legitimate
txn_02007,train,legitimate,15.73,3,13,21.9,705,legitimate
txn_02008,train,legitimate,93.43,15,12,13.8,124,legitimate
txn_02009,train,legitimate,12.46,1,12,26.9,304,legitimate
txn_02010,train,legitimate,83.58,23,10,17.7,332,legitimate
txn_02011,train,legitimate,42.95,13,13,7.0,852,legitimate
txn_02012,train,legitimate,5.75,12,13,32.7,851,legitimate
txn_02013,test,legitimate,9.11,9,12,13.9,643,legitimate
txn_02014,train,legitimate,15.36,23,16,12.2,171,legitimate
txn_02015,test,legitimate,27.02,7,11,13.4,572,legitimate
txn_02016,train,legitimate,66.16,22,13,18.3,431,legitimate
txn_02017,train,legitimate,20.44,19,14,20.3,1300,legitimate
txn_02018,train,legitimate,60.84,2,8,73.4,974,legitimate
txn_02019,train,legitimate,5.09,1,10,24.1,838,legitimate
txn_02020,test,legitimate,1.16,14,9,16.2,1111,legitimate
txn_02021,test,legitimate,17.51,10,14,38.9,1212,legitimate
txn_02022,test,legitimate,38.8,8,12,2.7,809,legitimate
txn_02023,train,legitimate,17.1,19,11,12.8,64,legitimate
txn_02024,test,legitimate,8.94,8,11,25.6,663,legitimate
txn_02025,test,legitimate,37.42,19,12,20.7,1414,legitimate
txn_02026,train,legitimate,169.52,2,13,32.1,545,legitimate
txn_02027,test,legitimate,22.12,17,13,6.0,340,legitimate
txn_02028,test,legitimate,11.87,12,10,100.7,1144,legitimate
txn_02029,train,legitimate,10.53,12,10,25.1,769,legitimate
txn_02030,train,legitimate,175.22,21,8,73.4,48,legitimate
txn_02031,train,legitimate,23.56,3,13,7.4,100,legitimate
txn_02032,train,legitimate,45.25,0,8,45.9,715,legitimate
txn_02033,train,fraud,106.7,9,10,22.8,315,legitimate
txn_02034,train,legitimate,72.04,14,13,26.3,385,legitimate
txn_02035,test,legitimate,9.76,17,8,1.8,718,legitimate
txn_02036,test,legitimate,63.82,9,13,36.7,509,legitimate
txn_02037,train,legitimate,57.04,18,10,10.0,1125,legitimate
txn_02038,train,legitimate,40.01,12,10,3.6,1262,legitimate
txn_02039,test,legitimate,67.33,14,11,32.9,1158,legitimate
txn_02040,test,legitimate,14.0,3,14,12.2,501,legitimate
txn_02041,train,legitimate,22.78,21,11,106.7,705,legitimate
txn_02042,train,fraud,18.64,1,10,33.7,584,legitimate
txn_02043,train,legitimate,52.37,13,19,10.6,371,legitimate
txn_02044,train,legitimate,12.77,3,12,5.7,530,legitimate
txn_02045,test,legitimate,36.36,20,17,65.0,909,legitimate
txn_02046,train,legitimate,8.22,1,13,191.6,1074,legitimate
txn_02047,test,legitimate,21.71,21,13,32.8,555,legitimate
txn_02048,train,legitimate,17.08,7,11,32.6,669,legitimate
txn_02049,test,legitimate,21.88,4,12,9.5,245,legitimate
txn_02050,test,legitimate,28.02,1,12,23.3,470,legitimate
txn_02051,train,legitimate,20.41,3,11,31.2,1142,legitimate
txn_02052,train,legitimate,19.7,4,11,70.7,1388,legitimate
txn_02053,test,legitimate,3.09,23,8,4.1,1180,legitimate
txn_02054,train,legitimate,74.09,7,10,33.6,39,legitimate
txn_02055,test,legitimate,13.15,7,9,36.2,255,legitimate
txn_02056,train,legitimate,19.21,16,6,8.1,220,legitimate
txn_02057,train,legitimate,10.73,10,11,10.2,58,legitimate
txn_02058,train,legitimate,66.63,20,11,10.8,1373,legitimate
txn_02059,train,legitimate,9.93,10,9,29.5,1111,legitimate
txn_02060,test,legitimate,40.62,15,14,18.6,664,legitimate
txn_02061,train,legitimate,79.7,20,15,9.6,1207,legitimate
txn_02062,train,legitimate,127.17,21,9,48.0,1107,legitimate
txn_02063,train,legitimate,80.5,0,12,1.4,107,legitimate
txn_02064,train,legitimate,45.58,12,14,114.2,1041,legitimate
txn_02065,test,legitimate,7.41,11,13,20.0,592,legitimate
txn_02066,train,legitimate,89.19,9,17,117.4,1232,legitimate
txn_02067,test,legitimate,80.54,11,9,43.3,1040,legitimate
txn_02068,train,legitimate,56.78,11,15,25.9,350,legitimate
txn_02069,train,legitimate,54.84,2,3,32.1,499,legitimate
txn_02070,train,legitimate,26.56,14,5,95.9,605,legitimate
txn_02071,test,legitimate,14.71,10,18,6.2,1183,legitimate
txn_02072,train,legitimate,72.49,0,10,39.6,1479,legitimate
txn_02073,train,legitimate,87.88,20,11,10.4,60,legitimate
txn_02074,test,legitimate,8.74,22,11,135.5,604,legitimate
txn_02075,train,legitimate,61.45,1,8,30.9,841,legitimate
txn_02076,train,legitimate,31.56,17,10,25.1,1173,legitimate
txn_02077,train,legitimate,59.85,6,14,80.7,321,legitimate
txn_02078,test,legitimate,32.51,3,9,4.2,798,legitimate
txn_02079,train,legitimate,74.98,14,15,14.0,1070,legitimate
txn_02080,test,legitimate,68.84,11,8,7.4,779,legitimate
txn_02081,train,legitimate,60.02,13,12,10.7,24,legitimate
txn_02082,train,legitimate,6.27,15,17,13.4,95,legitimate
txn_02083,train,legitimate,56.39,18,15,23.0,1057,legitimate
txn_02084,train,legitimate,26.09,15,9,6.2,693,legitimate
txn_02085,train,legitimate,8.09,8,13,19.9,684,legitimate
txn_02086,test,fraud,64.56,11,12,38.4,666,legitimate
txn_02087,test,legitimate,6.37,2,7,68.1,1044,legitimate
txn_02088,train,legitimate,60.67,11,10,5.1,807,legitimate
txn_02089,test,legitimate,134.44,8,12,1.9,172,legitimate
txn_02090,train,legitimate,15.11,0,15,78.7,38,legitimate
txn_02091,train,legitimate,62.26,19,12,15.7,1250,legitimate
txn_02092,train,legitimate,39.08,7,15,91.7,63,legitimate
txn_02093,train,legitimate,47.67,10,13,76.8,982,legitimate
txn_02094,test,legitimate,6.51,14,9,32.9,144,legitimate
txn_02095,train,legitimate,45.8,9,14,0.9,53,legitimate
txn_02096,train,legitimate,28.57,1,13,67.8,54,legitimate
txn_02097,test,legitimate,52.18,18,18,5.6,1304,legitimate
txn_02098,test,legitimate,25.26,23,5,41.5,221,legitimate
txn_02099,train,legitimate,74.39,14,10,26.9,250,legitimate
txn_02100,train,legitimate,32.92,22,13,28.1,833,legitimate
txn_02101,test,legitimate,49.25,3,14,43.9,574,legitimate
txn_02102,train,legitimate,97.67,1,6,5.7,54,legitimate
txn_02103,test,legitimate,30.1,9,9,97.4,527,legitimate
txn_02104,train,legitimate,67.38,18,9,3.0,631,legitimate
txn_02105,train,legitimate,31.52,21,10,7.3,1158,legitimate
txn_02106,test,legitimate,42.23,22,15,54.2,236,legitimate
txn_02107,train,fraud,19.19,0,9,35.9,1136,legitimate
txn_02108,train,legitimate,54.31,2,11,146.1,603,legitimate
txn_02109,train,legitimate,84.91,18,11,0.2,126,legitimate
txn_02110,train,legitimate,23.27,22,11,38.6,910,legitimate
txn_02111,train,legitimate,55.36,7,16,25.9,1279,legitimate
txn_02112,train,legitimate,38.58,19,12,19.6,747,legitimate
txn_02113,train,legitimate,8.47,17,12,60.7,239,legitimate
txn_02114,train,legitimate,35.82,15,15,82.2,1062,legitimate
txn_02115,train,legitimate,93.08,3,12,86.1,1074,legitimate
txn_02116,train,legitimate,15.66,8,11,2.7,7,legitimate
txn_02117,test,legitimate,4.36,15,12,19.3,186,legitimate
txn_02118,train,legitimate,30.98,10,10,14.7,223,legitimate
txn_02119,train,legitimate,13.42,20,19,11.6,614,legitimate
txn_02120,test,legitimate,164.68,21,9,66.9,1025,legitimate
txn_02121,train,legitimate,24.34,1,11,20.9,164,legitimate
txn_02122,train,legitimate,25.23,15,13,16.7,1182,legitimate
txn_02123,train,legitimate,13.64,22,8,25.0,1002,legitimate
txn_02124,train,legitimate,32.44,22,12,32.8,254,legitimate
txn_02125,train,legitimate,14.55,2,13,2.9,600,legitimate
txn_02126,train,legitimate,10.43,20,17,25.4,183,legitimate
txn_02127,train,legitimate,23.87,0,12,73.1,843,legitimate
txn_02128,train,legitimate,11.43,6,8,21.0,1205,legitimate
txn_02129,train,legitimate,92.9,19,12,14.1,1498,legitimate
txn_02130,train,legitimate,8.06,0,11,118.2,1181,legitimate
txn_02131,train,legitimate,23.63,12,15,20.0,1236,legitimate
txn_02132,train,legitimate,12.91,12,15,1.4,18,legitimate
txn_02133,train,legitimate,6.54,0,17,54.3,300,legitimate
txn_02134,train,legitimate,130.15,12,10,20.0,855,legitimate
txn_02135,train,legitimate,3.22,15,7,24.4,650,legitimate
txn_02136,test,legitimate,105.99,11,15,28.6,1440,legitimate
txn_02137,test,legitimate,6.35,12,7,19.9,853,legitimate
txn_02138,train,legitimate,27.76,2,8,12.8,474,legitimate
txn_02139,test,legitimate,234.38,23,12,52.2,505,legitimate
txn_02140,test,legitimate,3.15,21,12,39.8,1319,legitimate
txn_02141,train,legitimate,6.61,23,5,33.8,90,legitimate
txn_02142,test,legitimate,92.07,18,8,3.5,73,legitimate
txn_02143,train,legitimate,30.12,21,19,0.2,522,legitimate
txn_02144,test,legitimate,14.87,11,12,7.8,236,legitimate
txn_02145,train,legitimate,24.63,12,20,39.0,417,legitimate
txn_02146,test,legitimate,9.87,11,10,47.9,991,legitimate
txn_02147,test,legitimate,28.65,19,13,1.9,297,legitimate
txn_02148,train,legitimate,110.02,1,11,3.1,922,legitimate
txn_02149,test,legitimate,17.46,17,15,21.4,241,legitimate
txn_02150,train,legitimate,29.13,6,9,9.3,945,legitimate
txn_02151,train,legitimate,82.69,6,8,28.8,161,legitimate
txn_02152,train,legitimate,178.42,17,12,10.8,1152,legitimate
txn_02153,test,legitimate,14.28,17,12,29.2,1264,legitimate
txn_02154,train,legitimate,34.13,16,12,10.3,1206,legitimate
txn_02155,train,fraud,18.8,7,12,131.9,682,legitimate
txn_02156,train,legitimate,13.51,17,14,33.7,1167,legitimate
txn_02157,train,legitimate,17.17,10,12,0.5,1093,legitimate
txn_02158,train,legitimate,13.67,19,14,5.7,1269,legitimate
txn_02159,train,legitimate,4.66,1,15,82.1,1166,legitimate
txn_02160,train,legitimate,3.61,10,12,63.9,354,legitimate
txn_02161,test,legitimate,12.42,3,14,18.2,1280,legitimate
txn_02162,train,fraud,37.15,21,7,24.9,329,legitimate
txn_02163,train,legitimate,83.56,12,14,18.0,881,legitimate
txn_02164,train,legitimate,15.12,3,6,39.8,23,legitimate
txn_02165,train,legitimate,21.57,20,18,27.3,1267,legitimate
txn_02166,test,legitimate,48.56,9,13,103.4,615,legitimate
txn_02167,test,legitimate,52.49,19,17,11.8,204,legitimate
txn_02168,test,legitimate,22.72,12,15,41.9,1291,legitimate
txn_02169,train,fraud,30.98,3,12,41.9,282,legitimate
txn_02170,test,legitimate,159.21,11,16,91.5,1040,legitimate
txn_02171,train,fraud,23.52,13,8,127.2,969,legitimate
txn_02172,train,legitimate,15.73,15,10,22.4,398,legitimate
txn_02173,train,legitimate,5.17,7,14,8.0,563,legitimate
txn_02174,train,legitimate,38.85,3,9,6.7,726,legitimate
txn_02175,train,legitimate,19.63,4,10,8.4,286,legitimate
txn_02176,test,legitimate,164.93,9,15,5.8,900,legitimate
txn_02177,train,legitimate,18.31,8,9,56.4,557,legitimate
txn_02178,test,legitimate,56.29,21,15,19.9,727,legitimate
txn_02179,train,legitimate,63.38,16,11,114.1,593,legitimate
txn_02180,train,legitimate,127.58,23,10,16.5,633,legitimate
txn_02181,train,legitimate,7.05,22,19,22.4,1334,legitimate
txn_02182,train,legitimate,117.66,1,13,29.3,1405,legitimate
txn_02183,train,legitimate,25.75,2,14,19.7,646,legitimate
txn_02184,train,legitimate,22.95,1,10,13.7,110,legitimate
txn_02185,train,legitimate,18.76,7,8,95.4,1340,legitimate
txn_02186,train,legitimate,17.27,8,15,2.5,51,legitimate
txn_02187,train,legitimate,18.15,17,7,1.1,306,legitimate
txn_02188,test,legitimate,2.59,3,15,35.1,1490,legitimate
txn_02189,test,legitimate,41.87,11,13,49.0,1305,legitimate
txn_02190,test,legitimate,27.02,19,14,8.8,1379,legitimate
txn_02191,train,legitimate,10.02,9,8,15.2,1236,legitimate
txn_02192,test,legitimate,23.87,10,19,11.0,1160,legitimate
txn_02193,train,legitimate,240.66,19,10,47.6,267,legitimate
txn_02194,train,legitimate,36.86,17,10,2.3,1036,legitimate
txn_02195,train,legitimate,17.39,0,8,4.6,1150,legitimate
txn_02196,train,legitimate,135.3,5,18,26.4,1440,legitimate
txn_02197,train,legitimate,11.67,22,9,2.2,1192,legitimate
txn_02198,train,legitimate,21.86,9,13,15.1,370,legitimate
txn_02199,test,legitimate,14.79,6,13,63.4,1184,legitimate
txn_02200,train,legitimate,20.16,9,17,0.6,796,legitimate
txn_02201,train,legitimate,51.91,20,12,23.8,1348,legitimate
txn_02202,test,legitimate,44.78,19,13,7.5,744,legitimate
txn_02203,train,legitimate,12.43,20,15,52.2,682,legitimate
txn_02204,train,legitimate,22.38,22,16,94.7,811,legitimate
txn_02205,train,legitimate,27.59,20,16,73.3,737,legitimate
txn_02206,test,legitimate,17.03,8,8,13.4,818,legitimate
txn_02207,train,legitimate,24.49,14,10,13.3,378,legitimate
txn_02208,train,legitimate,12.55,9,7,17.6,1375,legitimate
txn_02209,train,legitimate,12.38,15,16,79.6,747,legitimate
txn_02210,test,legitimate,26.49,4,10,29.5,987,legitimate
txn_02211,test,legitimate,9.26,1,16,26.3,1386,legitimate
txn_02212,test,fraud,48.95,6,14,25.4,140,fraud
txn_02213,test,legitimate,20.99,10,8,33.6,943,legitimate
txn_02214,train,legitimate,10.32,21,22,11.9,412,legitimate
txn_02215,train,legitimate,13.94,15,14,0.9,1209,legitimate
txn_02216,train,legitimate,15.9,22,12,20.6,1174,legitimate
txn_02217,train,legitimate,21.67,6,9,24.3,1302,legitimate
txn_02218,test,legitimate,28.3,16,15,1.5,332,legitimate
txn_02219,train,legitimate,20.66,16,8,56.2,916,legitimate
txn_02220,train,legitimate,10.87,11,14,1.1,1211,legitimate
txn_02221,test,legitimate,102.04,13,16,26.8,828,legitimate
txn_02222,train,legitimate,61.07,8,13,24.3,47,legitimate
txn_02223,train,legitimate,28.19,16,13,41.5,317,legitimate
txn_02224,train,fraud,82.01,21,9,29.8,835,legitimate
txn_02225,test,legitimate,34.78,20,8,10.8,873,legitimate
txn_02226,train,legitimate,19.67,10,11,21.9,1391,legitimate
txn_02227,train,legitimate,27.49,8,12,0.2,929,legitimate
txn_02228,test,legitimate,337.47,0,11,24.9,900,legitimate
txn_02229,train,legitimate,66.38,14,9,49.4,73,legitimate
txn_02230,train,legitimate,69.62,7,9,9.2,855,legitimate
txn_02231,train,legitimate,17.24,1,18,17.0,6,legitimate
txn_02232,train,legitimate,45.31,7,6,33.2,1379,legitimate
txn_02233,test,legitimate,226.79,19,15,53.9,1463,legitimate
txn_02234,train,legitimate,38.27,19,13,8.7,772,legitimate
txn_02235,test,fraud,92.04,19,8,44.5,78,fraud
txn_02236,train,legitimate,85.72,12,8,6.1,1338,legitimate
txn_02237,train,legitimate,47.22,16,6,73.7,1213,legitimate
txn_02238,train,legitimate,116.67,2,15,4.7,1242,legitimate
txn_02239,train,legitimate,31.6,16,9,14.8,936,legitimate
txn_02240,test,legitimate,40.94,16,14,16.8,765,legitimate
txn_02241,test,legitimate,13.74,13,12,9.7,1252,legitimate
txn_02242,train,legitimate,327.1,21,11,28.3,1442,legitimate
txn_02243,test,legitimate,33.94,7,9,25.0,816,legitimate
txn_02244,test,legitimate,28.13,6,14,12.8,941,legitimate
txn_02245,train,legitimate,97.18,19,11,8.3,832,legitimate
txn_02246,train,fraud,20.22,1,6,72.0,658,fraud
txn_02247,test,legitimate,25.12,3,8,17.0,331,legitimate
txn_02248,test,legitimate,11.83,4,10,16.0,142,legitimate
txn_02249,test,legitimate,25.79,13,8,10.3,890,legitimate
txn_02250,train,legitimate,17.32,6,13,107.3,523,legitimate
txn_02251,train,fraud,54.83,2,11,49.0,1338,legitimate
txn_02252,train,legitimate,22.32,7,11,49.0,603,legitimate
txn_02253,train,legitimate,14.13,17,8,6.3,342,legitimate
txn_02254,test,legitimate,18.97,15,16,26.8,384,legitimate
txn_02255,train,fraud,28.87,12,10,79.0,1388,legitimate
txn_02256,test,legitimate,15.36,6,8,12.6,1030,legitimate
txn_02257,train,legitimate,62.53,15,15,47.7,376,legitimate
txn_02258,test,legitimate,48.36,14,9,13.7,805,legitimate
txn_02259,train,legitimate,29.03,4,15,0.2,963,legitimate
txn_02260,test,legitimate,7.97,8,17,0.4,1442,legitimate
txn_02261,train,legitimate,41.6,9,16,6.8,1373,legitimate
txn_02262,test,legitimate,7.32,6,13,14.6,680,legitimate
txn_02263,train,legitimate,30.17,15,10,9.5,1234,legitimate
txn_02264,train,legitimate,26.4,19,12,4.4,519,legitimate
txn_02265,train,legitimate,14.25,10,13,48.9,465,legitimate
txn_02266,test,legitimate,11.3,18,16,23.9,342,legitimate
txn_02267,test,legitimate,12.87,17,13,12.7,843,legitimate
txn_02268,test,legitimate,183.56,4,21,67.7,602,legitimate
txn_02269,train,legitimate,19.5,2,13,21.9,1190,legitimate
txn_02270,train,fraud,26.5,17,9,2.7,778,legitimate
txn_02271,test,legitimate,63.7,8,15,54.6,1470,legitimate
txn_02272,train,legitimate,37.79,1,20,43.1,288,legitimate
txn_02273,train,legitimate,70.03,2,8,10.5,1108,legitimate
txn_02274,test,legitimate,7.7,3,17,114.7,27,legitimate
txn_02275,train,legitimate,8.8,17,10,8.6,1384,legitimate
txn_02276,train,legitimate,628.46,15,14,12.8,544,legitimate
txn_02277,train,legitimate,24.2,9,14,18.3,775,legitimate
txn_02278,test,legitimate,19.05,4,15,30.7,1164,legitimate
txn_02279,train,legitimate,29.44,17,12,77.7,927,legitimate
txn_02280,test,legitimate,65.62,12,10,48.7,1100,legitimate
txn_02281,test,legitimate,7.99,18,12,80.0,380,legitimate
txn_02282,train,legitimate,33.12,10,10,1.4,699,legitimate
txn_02283,train,legitimate,24.51,0,14,12.3,590,legitimate
txn_02284,test,legitimate,48.24,17,3,16.9,331,legitimate
txn_02285,train,legitimate,29.78,14,12,84.9,529,legitimate
txn_02286,train,legitimate,15.09,4,16,72.7,208,legitimate
txn_02287,test,legitimate,10.92,19,8,6.5,1446,legitimate
txn_02288,train,legitimate,2.4,13,19,3.9,733,legitimate
txn_02289,train,legitimate,64.77,21,12,57.2,1444,legitimate
txn_02290,test,legitimate,6.11,12,18,65.1,137,legitimate
txn_02291,train,legitimate,17.07,2,7,40.4,1406,legitimate
txn_02292,train,legitimate,125.09,9,11,17.7,556,legitimate
txn_02293,train,fraud,21.61,2,9,5.5,623,legitimate
txn_02294,test,legitimate,45.41,14,8,24.2,317,legitimate
txn_02295,test,legitimate,20.55,10,8,103.3,1436,legitimate
txn_02296,train,legitimate,49.38,22,12,31.4,1085,legitimate
txn_02297,train,legitimate,25.91,18,10,100.9,965,legitimate
txn_02298,test,fraud,19.81,18,12,39.3,324,legitimate
txn_02299,train,legitimate,92.47,2,9,30.0,303,legitimate
txn_02300,train,fraud,25.03,5,11,39.9,162,fraud
txn_02301,train,legitimate,6.94,23,12,7.0,718,legitimate
txn_02302,test,legitimate,18.35,10,14,55.9,141,legitimate
txn_02303,test,legitimate,42.31,17,12,44.8,160,legitimate
txn_02304,train,legitimate,8.62,19,6,3.2,1216,legitimate
txn_02305,test,legitimate,53.67,0,20,3.0,797,legitimate
txn_02306,train,legitimate,52.6,6,11,4.3,963,legitimate
txn_02307,train,legitimate,193.91,17,11,3.7,1426,legitimate
txn_02308,train,legitimate,13.59,2,9,11.9,1007,legitimate
txn_02309,train,legitimate,47.57,10,15,20.3,624,legitimate
txn_02310,train,legitimate,5.05,9,7,11.3,662,legitimate
txn_02311,train,legitimate,16.83,4,12,26.8,567,legitimate
txn_02312,train,legitimate,27.85,17,9,14.0,1175,legitimate
txn_02313,test,legitimate,37.25,15,19,16.3,112,legitimate
txn_02314,test,legitimate,23.88,3,9,7.3,843,legitimate
txn_02315,train,legitimate,23.07,17,8,64.5,731,legitimate
txn_02316,test,legitimate,13.97,18,13,19.5,1300,legitimate
txn_02317,train,legitimate,16.41,14,16,0.1,1019,legitimate
txn_02318,test,legitimate,33.77,7,14,84.1,283,legitimate
txn_02319,test,legitimate,43.07,6,11,3.9,1388,legitimate
txn_02320,train,legitimate,46.55,13,17,23.4,1194,legitimate
txn_02321,train,legitimate,65.49,4,9,14.6,514,legitimate
txn_02322,test,legitimate,78.81,7,15,6.6,1230,legitimate
txn_02323,test,legitimate,4.46,1,9,19.5,375,legitimate
txn_02324,test,legitimate,15.25,0,12,12.5,13,legitimate
txn_02325,train,legitimate,21.55,4,12,61.4,1405,legitimate
txn_02326,train,legitimate,13.56,19,15,29.9,813,legitimate
txn_02327,train,legitimate,68.75,8,5,32.0,153,legitimate
txn_02328,test,legitimate,51.63,2,13,4.9,1284,legitimate
txn_02329,test,legitimate,22.71,8,9,4.5,546,legitimate
txn_02330,train,legitimate,28.27,15,10,25.9,1163,legitimate
txn_02331,train,fraud,108.68,1,14,7.8,732,legitimate
txn_02332,train,fraud,23.16,5,6,6.8,830,fraud
txn_02333,test,legitimate,18.61,20,6,36.8,1420,legitimate
txn_02334,train,legitimate,60.05,5,14,13.1,154,legitimate
txn_02335,test,legitimate,39.5,4,15,25.3,903,legitimate
txn_02336,train,legitimate,98.23,8,13,41.5,1058,legitimate
txn_02337,train,legitimate,35.88,1,14,5.6,1312,legitimate
txn_02338,test,legitimate,51.61,5,12,120.5,146,legitimate
txn_02339,test,legitimate,14.93,5,8,12.5,1352,legitimate
txn_02340,test,legitimate,10.23,5,11,1.5,226,legitimate
txn_02341,train,legitimate,24.95,10,8,13.3,1129,legitimate
txn_02342,train,legitimate,1.98,18,10,49.8,451,legitimate
txn_02343,test,legitimate,37.23,14,7,24.1,1187,legitimate
txn_02344,train,legitimate,63.84,20,13,20.8,889,legitimate
txn_02345,test,legitimate,27.08,1,13,104.3,306,legitimate
txn_02346,train,legitimate,20.38,5,11,29.6,1473,legitimate
txn_02347,test,legitimate,71.36,3,14,21.2,1222,legitimate
txn_02348,train,legitimate,24.17,3,8,8.2,682,legitimate
txn_02349,train,legitimate,64.4,0,17,2.7,1200,legitimate
txn_02350,train,legitimate,205.74,0,12,0.7,877,legitimate
txn_02351,train,legitimate,50.36,9,11,51.6,481,legitimate
txn_02352,train,legitimate,61.85,19,11,15.0,221,legitimate
txn_02353,test,legitimate,40.41,23,8,7.4,308,legitimate
txn_02354,test,legitimate,32.03,3,16,4.2,1489,legitimate
txn_02355,train,legitimate,32.79,18,10,22.9,400,legitimate
txn_02356,test,legitimate,26.87,8,12,57.0,667,legitimate
txn_02357,train,legitimate,71.08,20,13,1.1,1270,legitimate
txn_02358,test,legitimate,5.38,23,10,26.4,870,legitimate
txn_02359,train,legitimate,19.5,21,13,103.4,1049,legitimate
txn_02360,test,legitimate,47.24,17,9,2.3,1336,legitimate
txn_02361,train,legitimate,11.24,5,19,10.5,718,legitimate
txn_02362,train,legitimate,22.78,3,11,111.4,1120,legitimate
txn_02363,train,fraud,16.65,15,14,132.5,131,legitimate
txn_02364,train,legitimate,38.39,20,17,41.4,345,legitimate
txn_02365,train,legitimate,57.57,10,9,21.6,1340,legitimate
txn_02366,train,legitimate,101.17,22,18,14.3,522,legitimate
txn_02367,train,legitimate,40.73,8,19,3.8,17,legitimate
txn_02368,train,fraud,16.27,12,14,24.3,904,legitimate
txn_02369,test,legitimate,32.05,18,7,16.6,313,legitimate
txn_02370,test,legitimate,43.42,1,16,16.4,942,legitimate
txn_02371,test,legitimate,97.09,13,8,4.6,1353,legitimate
txn_02372,train,legitimate,3.24,8,4,46.5,1457,legitimate
txn_02373,train,legitimate,35.92,14,15,59.0,780,legitimate
txn_02374,train,legitimate,4.39,15,14,130.8,733,legitimate
txn_02375,train,legitimate,49.9,6,14,54.6,516,legitimate
txn_02376,train,legitimate,38.54,21,10,32.6,1278,legitimate
txn_02377,train,legitimate,40.6,22,14,24.7,764,legitimate
txn_02378,train,legitimate,58.7,0,12,20.5,378,legitimate
txn_02379,train,legitimate,36.41,15,11,21.5,943,legitimate
txn_02380,train,legitimate,13.58,20,16,7.5,477,legitimate
txn_02381,train,legitimate,35.24,15,15,6.2,1029,legitimate
txn_02382,train,legitimate,79.31,8,14,1.8,931,legitimate
txn_02383,train,legitimate,22.55,18,19,36.8,818,legitimate
txn_02384,train,legitimate,25.87,2,16,41.9,1358,legitimate
txn_02385,test,fraud,10.16,21,12,12.9,70,legitimate
txn_02386,train,legitimate,76.32,1,11,49.6,1031,legitimate
txn_02387,train,legitimate,15.55,4,13,5.7,239,legitimate
txn_02388,train,legitimate,12.39,17,11,8.4,54,legitimate
txn_02389,test,fraud,21.1,6,14,64.2,394,legitimate
txn_02390,train,legitimate,11.07,19,10,82.1,714,legitimate
txn_02391,train,legitimate,19.82,23,19,22.6,698,legitimate
txn_02392,train,legitimate,85.18,1,11,16.6,1272,legitimate
txn_02393,train,legitimate,53.73,16,6,39.8,865,legitimate
txn_02394,test,legitimate,98.21,0,13,6.1,1297,legitimate
txn_02395,train,legitimate,104.19,21,9,28.8,1189,legitimate
txn_02396,train,legitimate,10.71,4,13,9.3,379,legitimate
txn_02397,train,legitimate,39.86,7,5,30.6,313,legitimate
txn_02398,train,legitimate,105.42,16,13,86.0,1367,legitimate
txn_02399,train,legitimate,225.66,23,18,52.8,167,legitimate
txn_02400,train,legitimate,6.52,13,14,7.4,37,legitimate
txn_02401,test,legitimate,6.46,10,9,7.4,1248,legitimate
txn_02402,test,legitimate,39.38,0,12,4.8,1471,legitimate
txn_02403,train,legitimate,18.28,19,10,27.3,893,legitimate
txn_02404,train,legitimate,9.75,17,18,1.5,1241,legitimate
txn_02405,train,legitimate,36.21,21,11,12.5,567,legitimate
txn_02406,train,legitimate,11.86,3,13,26.7,32,legitimate
txn_02407,train,fraud,3.7,12,11,101.0,109,legitimate
txn_02408,train,legitimate,24.6,0,13,178.7,1281,legitimate
txn_02409,train,legitimate,28.34,10,11,5.4,288,legitimate
txn_02410,test,legitimate,46.2,11,10,3.2,412,legitimate
txn_02411,test,legitimate,61.69,11,11,8.7,1199,legitimate
txn_02412,train,legitimate,29.91,8,9,18.0,1403,legitimate
txn_02413,test,legitimate,20.05,3,13,34.1,781,legitimate
txn_02414,train,legitimate,13.3,2,8,3.3,1462,legitimate
txn_02415,train,legitimate,5.21,1,9,15.2,29,legitimate
txn_02416,test,legitimate,16.53,6,14,3.2,1449,legitimate
txn_02417,test,legitimate,65.05,22,11,3.4,744,legitimate
txn_02418,train,legitimate,46.75,10,5,2.9,651,legitimate
txn_02419,test,legitimate,177.97,15,12,12.8,656,legitimate
txn_02420,train,legitimate,21.7,20,14,15.8,996,legitimate
txn_02421,test,legitimate,4.57,2,17,38.5,1141,legitimate
txn_02422,train,legitimate,55.25,15,19,14.6,1448,legitimate
txn_02423,train,legitimate,67.53,14,11,28.9,141,legitimate
txn_02424,train,legitimate,8.22,19,10,27.5,1436,legitimate
txn_02425,train,legitimate,5.37,5,14,11.9,594,legitimate
txn_02426,train,legitimate,29.0,12,13,2.2,1274,legitimate
txn_02427,test,legitimate,49.44,20,14,59.2,1375,legitimate
txn_02428,train,legitimate,8.6,2,13,7.6,1114,legitimate
txn_02429,test,legitimate,18.12,8,9,26.3,1089,legitimate
txn_02430,test,legitimate,11.94,0,16,1.7,1075,legitimate
txn_02431,test,legitimate,8.1,0,9,38.0,976,legitimate
txn_02432,train,legitimate,7.12,1,8,5.7,293,legitimate
txn_02433,train,legitimate,28.6,15,20,56.7,604,legitimate
txn_02434,train,legitimate,17.53,8,6,11.9,730,legitimate
txn_02435,train,legitimate,13.18,23,23,7.8,375,legitimate
txn_02436,test,legitimate,2.07,8,9,2.0,79,legitimate
txn_02437,train,legitimate,132.62,17,10,102.3,139,legitimate
txn_02438,train,legitimate,10.15,13,13,40.7,525,legitimate
txn_02439,train,legitimate,21.92,23,6,65.3,455,legitimate
txn_02440,train,legitimate,8.43,13,19,14.4,1403,legitimate
txn_02441,train,legitimate,35.85,2,9,9.7,545,legitimate
txn_02442,test,legitimate,5.91,7,6,128.4,121,legitimate
txn_02443,train,legitimate,27.29,6,10,5.3,657,legitimate
txn_02444,train,legitimate,20.84,15,13,4.1,261,legitimate
txn_02445,train,legitimate,59.91,18,18,14.1,1260,legitimate
txn_02446,train,legitimate,8.75,1,15,141.8,54,legitimate
txn_02447,train,legitimate,13.41,11,16,25.6,645,legitimate
txn_02448,train,legitimate,19.9,21,10,2.1,533,legitimate
txn_02449,train,legitimate,183.91,4,11,62.3,968,legitimate
txn_02450,train,legitimate,6.1,13,11,24.8,1290,legitimate
txn_02451,test,legitimate,32.86,8,9,13.6,249,legitimate
txn_02452,test,legitimate,13.31,11,10,15.9,1398,legitimate
txn_02453,test,legitimate,33.48,6,17,32.0,551,legitimate
txn_02454,train,legitimate,46.4,21,15,109.1,640,legitimate
txn_02455,test,legitimate,28.43,16,10,1.2,1397,legitimate
txn_02456,train,legitimate,31.93,14,10,24.0,759,legitimate
txn_02457,test,legitimate,32.43,18,11,90.2,262,legitimate
txn_02458,train,legitimate,14.17,13,11,19.6,1106,legitimate
txn_02459,test,legitimate,20.2,17,15,11.6,165,legitimate
txn_02460,test,legitimate,5.1,21,12,14.3,900,legitimate
txn_02461,train,legitimate,17.68,16,16,21.9,111,legitimate
txn_02462,test,legitimate,11.91,1,10,10.6,905,legitimate
txn_02463,test,legitimate,19.44,17,10,10.2,5,legitimate
txn_02464,train,legitimate,50.06,4,9,7.1,887,legitimate
txn_02465,train,legitimate,35.69,22,6,44.4,221,legitimate
txn_02466,train,legitimate,38.82,8,10,14.0,66,legitimate
txn_02467,train,legitimate,71.01,6,9,11.4,131,legitimate
txn_02468,train,legitimate,2.54,22,11,3.5,1030,legitimate
txn_02469,train,legitimate,37.32,6,8,0.4,253,legitimate
txn_02470,train,legitimate,24.18,23,13,16.4,394,legitimate
txn_02471,train,legitimate,22.53,23,10,11.7,613,legitimate
txn_02472,test,legitimate,7.11,19,11,22.0,212,legitimate
txn_02473,train,legitimate,41.78,21,18,7.4,1053,legitimate
txn_02474,test,legitimate,73.96,20,16,51.2,113,legitimate
txn_02475,train,legitimate,65.92,15,13,19.0,1225,legitimate
txn_02476,train,legitimate,22.76,21,17,1.3,1133,legitimate
txn_02477,test,legitimate,45.44,19,14,17.2,859,legitimate
txn_02478,train,legitimate,59.55,0,12,50.6,1198,legitimate
txn_02479,train,legitimate,140.69,15,14,5.2,152,legitimate
txn_02480,test,legitimate,79.62,23,21,62.3,719,legitimate
txn_02481,test,legitimate,28.27,7,12,19.6,1233,legitimate
txn_02482,train,legitimate,27.01,23,9,16.3,1108,legitimate
txn_02483,train,legitimate,28.94,13,8,28.5,994,legitimate
txn_02484,train,legitimate,30.65,17,6,6.6,139,legitimate
txn_02485,train,legitimate,15.36,5,10,8.3,1244,legitimate
txn_02486,train,legitimate,51.52,10,11,4.6,482,legitimate
txn_02487,train,legitimate,12.74,2,14,3.3,1134,legitimate
txn_02488,train,legitimate,11.48,14,16,4.1,155,legitimate
txn_02489,train,legitimate,34.59,8,14,14.1,303,legitimate
txn_02490,test,legitimate,14.26,12,12,2.0,953,legitimate
txn_02491,train,legitimate,19.52,19,13,22.5,1449,legitimate
txn_02492,train,legitimate,3.4,17,11,38.3,892,legitimate
txn_02493,train,legitimate,52.59,3,11,3.9,1174,legitimate
txn_02494,train,legitimate,24.49,12,11,14.3,295,legitimate
txn_02495,train,legitimate,21.81,1,14,43.3,488,legitimate
txn_02496,train,legitimate,38.31,12,16,34.3,1043,legitimate
txn_02497,test,legitimate,30.1,5,11,29.9,1156,legitimate
txn_02498,train,legitimate,12.63,10,11,3.4,1372,legitimate
txn_02499,test,legitimate,166.82,18,13,1.3,633,legitimate
txn_02500,train,legitimate,16.01,6,11,41.3,1182,legitimate
txn_02501,test,legitimate,62.37,21,17,14.2,156,legitimate
txn_02502,test,legitimate,141.16,1,11,43.6,852,legitimate
txn_02503,test,legitimate,13.61,6,10,35.1,946,legitimate
txn_02504,train,legitimate,26.91,17,14,141.9,20,legitimate
txn_02505,train,legitimate,11.27,23,8,23.8,1490,legitimate
txn_02506,train,fraud,86.06,5,15,10.5,1190,legitimate
txn_02507,test,legitimate,17.88,11,7,2.9,996,legitimate
txn_02508,train,legitimate,8.61,2,9,7.8,1364,legitimate
txn_02509,test,fraud,110.97,16,17,39.5,1376,legitimate
txn_02510,train,legitimate,59.06,0,11,47.0,1230,legitimate
txn_02511,train,legitimate,10.54,16,11,48.8,297,legitimate
txn_02512,train,legitimate,76.08,20,14,2.4,1222,legitimate
txn_02513,test,legitimate,29.64,10,11,7.0,755,legitimate
txn_02514,train,legitimate,328.13,16,10,130.4,1461,legitimate
txn_02515,train,legitimate,126.37,20,5,22.5,452,legitimate
txn_02516,train,legitimate,14.48,3,10,1.5,1064,legitimate
txn_02517,train,legitimate,19.01,21,13,18.7,1414,legitimate
txn_02518,train,legitimate,10.65,20,9,2.9,1333,legitimate
txn_02519,train,legitimate,27.92,11,7,16.2,225,legitimate
txn_02520,train,legitimate,25.71,1,9,23.0,176,legitimate
txn_02521,train,legitimate,49.61,7,8,12.8,39,legitimate
txn_02522,train,legitimate,26.69,20,16,48.5,548,legitimate
txn_02523,train,legitimate,6.04,22,13,11.1,801,legitimate
txn_02524,train,fraud,14.54,23,10,14.1,1061,legitimate
txn_02525,test,legitimate,94.72,16,11,32.5,624,legitimate
txn_02526,train,legitimate,73.95,3,9,8.1,1376,legitimate
txn_02527,train,legitimate,21.05,8,8,1.9,320,legitimate
txn_02528,train,legitimate,21.57,2,18,9.1,739,legitimate
txn_02529,train,legitimate,20.91,3,10,70.1,1386,legitimate
txn_02530,train,fraud,32.21,14,10,2.7,695,legitimate
txn_02531,train,legitimate,4.95,9,15,23.7,436,legitimate
txn_02532,test,legitimate,57.68,2,8,6.0,317,legitimate
txn_02533,test,legitimate,13.1,10,15,29.2,355,legitimate
txn_02534,train,legitimate,28.24,7,13,13.9,509,legitimate
txn_02535,train,legitimate,2.2,19,12,7.5,1015,legitimate
txn_02536,test,legitimate,30.69,14,12,76.9,716,legitimate
txn_02537,test,legitimate,88.03,16,14,10.2,1458,legitimate
txn_02538,train,legitimate,2.91,15,12,3.9,802,legitimate
txn_02539,test,legitimate,104.63,12,9,5.5,628,legitimate
txn_02540,train,legitimate,38.52,17,17,20.8,385,legitimate
txn_02541,train,legitimate,12.19,21,14,9.8,1139,legitimate
txn_02542,train,legitimate,5.4,9,13,56.9,432,legitimate
txn_02543,train,legitimate,74.46,14,14,62.9,84,legitimate
txn_02544,train,legitimate,31.48,12,15,4.3,1144,legitimate
txn_02545,test,legitimate,43.22,20,12,40.0,1265,legitimate
txn_02546,test,legitimate,18.93,13,15,37.6,1114,legitimate
txn_02547,train,legitimate,11.46,1,6,1.8,808,legitimate
txn_02548,train,legitimate,56.33,3,16,46.9,163,legitimate
txn_02549,train,legitimate,9.86,1,16,9.6,972,legitimate
txn_02550,train,legitimate,58.02,10,15,8.3,191,legitimate
txn_02551,train,legitimate,4.97,20,14,3.2,700,legitimate
txn_02552,test,legitimate,10.14,13,13,28.3,786,legitimate
txn_02553,train,legitimate,6.13,17,10,18.7,25,legitimate
txn_02554,train,fraud,110.08,1,6,75.8,668,legitimate
txn_02555,train,legitimate,4.61,6,10,17.3,580,legitimate
txn_02556,test,legitimate,8.26,3,16,24.3,665,legitimate
txn_02557,train,legitimate,46.11,2,13,38.2,243,legitimate
txn_02558,train,fraud,39.21,18,13,16.6,778,legitimate
txn_02559,test,legitimate,199.31,1,18,23.5,270,legitimate
txn_02560,train,legitimate,142.53,8,13,33.8,935,legitimate
txn_02561,train,legitimate,44.26,7,10,0.9,1248,legitimate
txn_02562,train,legitimate,47.44,15,12,10.5,597,legitimate
txn_02563,train,legitimate,4.29,21,13,4.7,521,legitimate
txn_02564,train,legitimate,10.56,3,14,9.8,758,legitimate
txn_02565,train,legitimate,17.92,4,15,11.7,1237,legitimate
txn_02566,train,legitimate,20.7,14,12,143.4,1047,legitimate
txn_02567,test,legitimate,6.59,5,18,0.8,1147,legitimate
txn_02568,train,legitimate,10.07,4,12,19.7,509,legitimate
txn_02569,train,legitimate,10.91,19,16,9.0,1044,legitimate
txn_02570,train,legitimate,67.75,13,12,4.7,997,legitimate
txn_02571,train,legitimate,36.85,4,12,32.1,717,legitimate
txn_02572,train,legitimate,17.86,1,14,15.9,1098,legitimate
txn_02573,train,legitimate,18.84,5,13,31.9,101,legitimate
txn_02574,train,fraud,41.61,7,8,65.9,44,legitimate
txn_02575,train,legitimate,12.59,17,17,69.6,1226,legitimate
txn_02576,train,legitimate,19.06,16,19,29.9,1372,legitimate
txn_02577,train,legitimate,4.73,20,14,16.6,42,legitimate
txn_02578,test,legitimate,46.54,13,16,21.6,1354,legitimate
txn_02579,train,legitimate,61.5,22,10,7.9,574,legitimate
txn_02580,train,legitimate,34.68,18,10,23.5,330,legitimate
txn_02581,train,legitimate,38.72,1,13,17.5,1329,legitimate
txn_02582,train,legitimate,34.78,3,11,1.2,1436,legitimate
txn_02583,test,legitimate,172.81,7,15,18.5,1131,legitimate
txn_02584,train,legitimate,29.8,1,6,10.7,1176,legitimate
txn_02585,train,legitimate,6.92,14,17,109.8,872,legitimate
txn_02586,train,legitimate,8.99,10,13,3.6,500,legitimate
txn_02587,train,legitimate,48.44,7,7,37.8,945,legitimate
txn_02588,test,legitimate,68.02,16,15,18.8,521,legitimate
txn_02589,train,legitimate,51.25,17,12,46.4,1401,legitimate
txn_02590,test,legitimate,54.76,5,9,2.8,661,legitimate
txn_02591,test,legitimate,29.3,5,11,9.4,1158,legitimate
txn_02592,test,legitimate,5.9,6,6,32.1,1441,legitimate
txn_02593,train,legitimate,12.43,14,12,17.9,813,legitimate
txn_02594,train,legitimate,4.33,5,15,14.9,818,legitimate
txn_02595,train,legitimate,16.91,3,12,109.4,557,legitimate
txn_02596,train,legitimate,6.64,9,7,30.1,214,legitimate
txn_02597,test,legitimate,26.85,3,8,9.8,168,legitimate
txn_02598,train,legitimate,20.8,5,10,4.7,1112,legitimate
txn_02599,train,legitimate,3.78,19,13,0.5,1247,legitimate
txn_02600,train,legitimate,49.36,18,9,8.6,1153,legitimate
txn_02601,test,legitimate,50.7,15,17,38.8,1190,legitimate
txn_02602,train,legitimate,6.45,9,14,12.8,1435,legitimate
txn_02603,train,legitimate,28.07,13,8,34.3,970,legitimate
txn_02604,train,legitimate,48.6,16,7,35.4,1209,legitimate
txn_02605,train,legitimate,18.49,9,13,12.4,1340,legitimate
txn_02606,train,legitimate,55.5,2,10,24.0,803,legitimate
txn_02607,train,fraud,37.56,16,11,10.3,45,legitimate
txn_02608,test,legitimate,68.32,22,16,8.5,202,legitimate
txn_02609,train,legitimate,29.15,22,7,10.1,154,legitimate
txn_02610,train,fraud,26.72,8,10,11.9,567,legitimate
txn_02611,train,legitimate,39.81,8,15,58.7,900,legitimate
txn_02612,train,fraud,66.37,8,9,35.0,639,legitimate
txn_02613,train,legitimate,30.95,1,6,0.2,1497,legitimate
txn_02614,test,legitimate,15.81,7,16,48.0,560,legitimate
txn_02615,test,legitimate,11.39,6,14,42.1,1400,legitimate
txn_02616,train,legitimate,16.99,13,10,4.2,1230,legitimate
txn_02617,train,legitimate,14.01,18,7,19.5,962,legitimate
txn_02618,train,legitimate,29.58,0,11,46.4,50,legitimate
txn_02619,train,legitimate,28.58,7,13,35.3,162,legitimate
txn_02620,test,fraud,28.72,3,10,31.2,1269,legitimate
txn_02621,train,legitimate,24.21,18,9,9.1,825,legitimate
txn_02622,train,legitimate,28.61,6,12,54.0,22,legitimate
txn_02623,train,legitimate,109.33,4,13,0.3,925,legitimate
txn_02624,train,legitimate,77.16,20,13,1.5,61,legitimate
txn_02625,train,legitimate,13.91,14,13,15.5,1170,legitimate
txn_02626,train,legitimate,36.35,5,7,9.4,684,legitimate
txn_02627,test,legitimate,17.65,8,10,31.4,1474,legitimate
txn_02628,train,legitimate,22.04,14,11,44.0,980,legitimate
txn_02629,test,legitimate,19.14,12,8,9.0,1164,legitimate
txn_02630,train,legitimate,13.26,0,14,1.6,34,legitimate
txn_02631,train,legitimate,6.52,8,6,14.7,771,legitimate
txn_02632,train,legitimate,2.26,22,10,14.8,746,legitimate
txn_02633,test,legitimate,29.32,14,11,61.3,1128,legitimate
txn_02634,train,legitimate,75.49,8,10,33.2,677,legitimate
txn_02635,train,legitimate,10.09,17,16,14.3,531,legitimate
txn_02636,train,legitimate,39.32,9,11,96.6,259,legitimate
txn_02637,train,fraud,21.37,16,16,22.4,698,legitimate
txn_02638,train,legitimate,31.59,6,8,11.4,484,legitimate
txn_02639,test,fraud,14.24,10,15,12.0,799,legitimate
txn_02640,test,legitimate,19.3,0,15,37.4,382,legitimate
txn_02641,train,legitimate,21.68,0,12,82.6,553,legitimate
txn_02642,test,legitimate,2.44,12,16,46.6,311,legitimate
txn_02643,train,legitimate,29.67,19,11,95.1,1471,legitimate
txn_02644,test,legitimate,21.1,4,17,19.8,1014,legitimate
txn_02645,train,legitimate,2.2,2,10,51.7,430,legitimate
txn_02646,train,legitimate,45.05,9,8,11.9,1086,legitimate
txn_02647,train,legitimate,23.3,9,16,4.7,967,legitimate
txn_02648,train,legitimate,29.3,13,9,129.6,929,legitimate
txn_02649,test,legitimate,34.08,18,10,28.1,348,legitimate
txn_02650,train,legitimate,16.09,23,11,0.4,488,legitimate
txn_02651,train,fraud,10.93,23,16,26.1,1496,legitimate
txn_02652,train,legitimate,15.63,9,9,2.7,1129,legitimate
txn_02653,test,legitimate,15.9,17,14,7.8,522,legitimate
txn_02654,train,legitimate,204.89,18,16,40.8,538,legitimate
txn_02655,train,legitimate,142.46,2,7,25.5,908,legitimate
txn_02656,train,legitimate,14.98,8,11,19.7,1066,legitimate
txn_02657,test,legitimate,16.08,23,9,4.3,1398,legitimate
txn_02658,train,legitimate,32.74,13,20,11.1,620,legitimate
txn_02659,train,legitimate,41.38,1,12,8.9,1026,legitimate
txn_02660,train,legitimate,12.27,12,16,22.5,521,legitimate
txn_02661,train,legitimate,9.1,0,15,46.0,872,legitimate
txn_02662,train,legitimate,155.39,7,9,14.6,276,legitimate
txn_02663,test,legitimate,66.5,17,13,58.9,116,legitimate
txn_02664,train,legitimate,5.32,16,15,49.1,856,legitimate
txn_02665,train,legitimate,4.33,22,8,41.9,633,legitimate
txn_02666,test,legitimate,10.75,21,4,156.7,515,legitimate
txn_02667,train,legitimate,29.58,15,9,11.6,666,legitimate
txn_02668,train,legitimate,40.61,9,12,2.7,47,legitimate
txn_02669,test,legitimate,17.18,21,6,25.1,1042,legitimate
txn_02670,test,legitimate,4.99,21,17,13.6,556,legitimate
txn_02671,test,legitimate,29.53,15,12,23.3,727,legitimate
txn_02672,train,legitimate,42.79,18,12,132.6,1234,legitimate
txn_02673,train,fraud,30.61,2,10,54.5,407,legitimate
txn_02674,train,legitimate,14.76,2,8,147.7,1121,legitimate
txn_02675,train,legitimate,41.66,14,11,21.8,795,legitimate
txn_02676,test,legitimate,22.57,1,12,34.9,882,legitimate
txn_02677,train,fraud,10.32,18,12,13.6,567,legitimate
txn_02678,test,legitimate,26.12,16,10,65.9,1075,legitimate
txn_02679,train,legitimate,6.78,11,6,5.8,1226,legitimate
txn_02680,train,legitimate,60.73,9,8,5.5,616,legitimate
txn_02681,test,legitimate,37.56,17,10,2.6,701,legitimate
txn_02682,train,legitimate,9.05,6,13,35.2,104,legitimate
txn_02683,train,legitimate,29.27,11,18,96.2,683,legitimate
txn_02684,train,fraud,103.11,17,9,36.6,48,legitimate
txn_02685,train,legitimate,2.96,2,10,2.8,1067,legitimate
txn_02686,test,legitimate,20.79,20,11,2.9,151,legitimate
txn_02687,train,legitimate,118.07,20,8,10.5,804,legitimate
txn_02688,test,legitimate,5.26,5,8,2.1,768,legitimate
txn_02689,test,legitimate,20.23,4,16,10.5,651,legitimate
txn_02690,test,legitimate,5.95,14,16,47.8,615,legitimate
txn_02691,train,legitimate,22.29,4,7,29.4,123,legitimate
txn_02692,train,legitimate,2.3,18,13,24.5,676,legitimate
txn_02693,train,legitimate,4.9,3,16,18.2,690,legitimate
txn_02694,train,legitimate,14.1,6,14,41.0,131,legitimate
txn_02695,train,legitimate,27.23,8,14,3.0,1297,legitimate
txn_02696,test,legitimate,34.42,8,17,7.6,1268,legitimate
txn_02697,test,legitimate,36.03,9,11,3.1,1456,legitimate
txn_02698,train,legitimate,72.98,2,14,18.9,332,legitimate
txn_02699,test,legitimate,47.03,4,10,11.9,1279,legitimate
txn_02700,train,legitimate,48.92,21,10,7.9,942,legitimate
txn_02701,test,legitimate,9.15,3,13,58.0,160,legitimate
txn_02702,test,legitimate,20.43,8,13,22.8,836,legitimate
txn_02703,train,legitimate,533.8,10,12,0.3,1325,legitimate
txn_02704,test,legitimate,218.16,21,11,5.8,1362,legitimate
txn_02705,test,legitimate,53.52,0,13,67.8,744,legitimate
txn_02706,train,legitimate,49.07,14,7,26.1,324,legitimate
txn_02707,train,legitimate,62.6,11,17,24.6,1041,legitimate
txn_02708,train,legitimate,16.04,16,6,2.2,219,legitimate
txn_02709,train,legitimate,161.97,2,10,24.1,937,legitimate
txn_02710,test,legitimate,16.48,17,16,6.0,693,legitimate
txn_02711,train,legitimate,21.97,3,6,31.2,744,legitimate
txn_02712,train,legitimate,200.75,19,8,4.3,1207,legitimate
txn_02713,train,legitimate,3.1,2,10,1.0,317,legitimate
txn_02714,test,legitimate,33.95,17,7,34.8,346,legitimate
txn_02715,test,legitimate,4.4,20,12,3.5,539,legitimate
txn_02716,train,legitimate,12.55,0,5,30.5,680,legitimate
txn_02717,train,legitimate,21.76,19,13,28.3,528,legitimate
txn_02718,test,legitimate,16.85,21,14,3.2,578,legitimate
txn_02719,train,legitimate,28.23,23,12,15.1,1153,legitimate
txn_02720,test,legitimate,11.21,12,16,56.2,426,legitimate
txn_02721,train,fraud,27.62,19,21,48.2,225,legitimate
txn_02722,train,legitimate,7.42,0,15,4.0,284,legitimate
txn_02723,test,legitimate,16.27,12,4,14.6,100,legitimate
txn_02724,test,legitimate,6.09,7,13,37.6,400,legitimate
txn_02725,test,legitimate,45.38,9,5,4.2,1275,legitimate
txn_02726,train,legitimate,6.66,7,15,12.3,781,legitimate
txn_02727,train,legitimate,47.1,14,10,5.7,992,legitimate
txn_02728,test,legitimate,15.84,20,15,4.6,1007,legitimate
txn_02729,train,legitimate,17.66,15,10,3.4,844,legitimate
txn_02730,train,legitimate,76.12,14,19,20.9,1452,legitimate
txn_02731,train,legitimate,26.49,23,11,8.2,222,legitimate
txn_02732,train,legitimate,3.68,11,14,80.7,242,legitimate
txn_02733,train,legitimate,38.96,8,16,33.2,189,legitimate
txn_02734,train,legitimate,1.36,7,18,21.8,1145,legitimate
txn_02735,train,legitimate,30.98,21,14,14.6,1001,legitimate
txn_02736,train,legitimate,16.04,19,7,6.8,755,legitimate
txn_02737,test,legitimate,5.99,22,15,66.0,229,legitimate
txn_02738,train,legitimate,25.74,19,20,5.7,512,legitimate
txn_02739,train,legitimate,17.56,22,12,3.1,1282,legitimate
txn_02740,test,legitimate,172.55,12,17,34.2,195,legitimate
txn_02741,test,legitimate,15.44,15,4,20.3,253,legitimate
txn_02742,test,legitimate,162.23,13,16,15.1,331,legitimate
txn_02743,train,legitimate,93.4,14,9,60.4,935,legitimate
txn_02744,train,legitimate,13.02,0,8,9.8,765,legitimate
txn_02745,train,legitimate,10.62,23,17,0.9,355,legitimate
txn_02746,train,fraud,112.86,9,9,36.0,1098,legitimate
txn_02747,train,legitimate,20.81,9,12,40.4,469,legitimate
txn_02748,test,legitimate,27.89,14,10,46.1,1369,legitimate
txn_02749,train,legitimate,18.51,18,9,32.9,488,legitimate
txn_02750,train,legitimate,7.19,8,13,0.3,346,legitimate
txn_02751,train,legitimate,16.46,1,14,39.7,37,legitimate
txn_02752,test,legitimate,9.2,4,8,3.8,538,legitimate
txn_02753,train,legitimate,5.22,5,13,11.6,628,legitimate
txn_02754,test,legitimate,17.8,4,5,59.7,1185,legitimate
txn_02755,train,legitimate,139.64,12,9,5.9,1298,legitimate
txn_02756,train,legitimate,118.3,8,14,26.4,1207,legitimate
txn_02757,train,legitimate,22.39,17,15,130.4,748,legitimate
txn_02758,train,legitimate,27.24,11,11,30.3,377,legitimate
txn_02759,test,legitimate,39.6,4,16,24.8,287,legitimate
txn_02760,train,legitimate,91.8,22,14,18.3,872,legitimate
txn_02761,test,legitimate,32.66,19,8,11.7,777,legitimate
txn_02762,test,legitimate,14.82,10,8,5.6,1269,legitimate
txn_02763,train,legitimate,16.14,13,10,14.5,1402,legitimate
txn_02764,train,legitimate,73.39,12,13,2.0,143,legitimate
txn_02765,train,legitimate,316.26,3,13,14.5,697,legitimate
txn_02766,train,legitimate,12.79,3,15,18.1,972,legitimate
txn_02767,test,legitimate,3.1,0,9,68.2,724,legitimate
txn_02768,train,legitimate,53.29,5,14,11.0,11,legitimate
txn_02769,test,legitimate,22.07,9,21,27.5,1156,legitimate
txn_02770,train,legitimate,27.34,5,12,36.4,140,legitimate
txn_02771,train,legitimate,81.48,19,11,131.5,101,legitimate
txn_02772,train,legitimate,25.48,3,15,23.5,432,legitimate
txn_02773,test,legitimate,6.37,23,12,6.5,470,legitimate
txn_02774,train,legitimate,3.38,21,14,20.8,1458,legitimate
txn_02775,train,legitimate,22.72,18,10,37.3,592,legitimate
txn_02776,train,legitimate,7.53,8,11,49.4,228,legitimate
txn_02777,train,legitimate,31.79,5,11,45.2,462,legitimate
txn_02778,test,legitimate,6.7,14,15,15.1,57,legitimate
txn_02779,train,legitimate,16.78,21,14,2.3,821,legitimate
txn_02780,test,legitimate,5.51,17,20,4.9,858,legitimate
txn_02781,train,legitimate,16.6,3,15,10.1,1170,legitimate
txn_02782,train,legitimate,15.28,3,11,33.1,869,legitimate
txn_02783,test,legitimate,43.11,9,8,6.9,613,legitimate
txn_02784,train,legitimate,90.85,18,17,13.6,596,legitimate
txn_02785,train,legitimate,19.85,16,12,63.0,1177,legitimate
txn_02786,train,legitimate,10.1,18,8,40.0,822,legitimate
txn_02787,train,legitimate,167.46,8,14,22.7,663,legitimate
txn_02788,test,legitimate,34.24,7,11,0.8,379,legitimate
txn_02789,test,legitimate,43.87,7,9,97.3,1341,legitimate
txn_02790,train,legitimate,43.76,18,12,23.4,306,legitimate
txn_02791,train,legitimate,101.72,10,14,61.0,489,legitimate
txn_02792,train,legitimate,65.28,20,9,22.0,1421,legitimate
txn_02793,train,legitimate,46.91,21,16,22.9,665,legitimate
txn_02794,train,legitimate,51.29,9,16,7.3,436,legitimate
txn_02795,train,legitimate,10.14,11,13,6.2,1028,legitimate
txn_02796,train,legitimate,13.02,2,10,9.6,55,legitimate
txn_02797,train,legitimate,21.48,2,11,0.2,13,legitimate
txn_02798,train,legitimate,26.22,1,9,59.2,450,legitimate
txn_02799,train,legitimate,24.34,8,5,7.1,1328,legitimate
txn_02800,train,legitimate,32.52,2,5,5.4,1425,legitimate
txn_02801,train,fraud,31.51,14,15,5.0,664,legitimate
txn_02802,test,legitimate,15.6,1,10,26.8,815,legitimate
txn_02803,test,legitimate,4.73,12,7,2.6,557,legitimate
txn_02804,train,legitimate,55.04,8,18,26.1,322,legitimate
txn_02805,train,legitimate,42.96,22,15,73.3,174,legitimate
txn_02806,train,fraud,12.78,23,13,9.5,853,legitimate
txn_02807,test,legitimate,39.28,12,7,19.6,146,legitimate
txn_02808,train,legitimate,35.45,19,10,82.7,381,legitimate
txn_02809,train,legitimate,25.71,18,9,26.4,708,legitimate
txn_02810,train,legitimate,3.82,0,21,45.3,80,legitimate
txn_02811,train,legitimate,7.18,18,15,24.2,1227,legitimate
txn_02812,train,legitimate,13.13,0,15,1.2,1080,legitimate
txn_02813,train,legitimate,119.72,11,12,35.5,907,legitimate
txn_02814,test,legitimate,10.15,23,17,28.8,620,legitimate
txn_02815,test,legitimate,16.92,10,13,21.8,1367,legitimate
txn_02816,train,legitimate,7.89,6,17,14.5,461,legitimate
txn_02817,train,legitimate,14.63,11,15,4.7,1475,legitimate
txn_02818,train,legitimate,33.65,3,14,54.9,436,legitimate
txn_02819,test,fraud,3.88,2,17,29.3,772,legitimate
txn_02820,train,legitimate,1.41,8,10,12.6,925,legitimate
txn_02821,train,legitimate,46.3,2,16,23.5,290,legitimate
txn_02822,train,legitimate,24.76,14,9,10.0,1124,legitimate
txn_02823,train,legitimate,13.07,2,9,25.5,1413,legitimate
txn_02824,train,legitimate,62.89,22,11,11.8,344,legitimate
txn_02825,test,legitimate,63.01,3,14,20.5,331,legitimate
txn_02826,test,legitimate,2.95,5,9,236.4,737,legitimate
txn_02827,train,legitimate,20.22,1,11,24.8,842,legitimate
txn_02828,train,legitimate,72.28,12,16,46.1,900,legitimate
txn_02829,train,legitimate,12.26,9,10,17.0,303,legitimate
txn_02830,train,legitimate,17.48,3,10,73.3,1262,legitimate
txn_02831,train,legitimate,61.95,3,12,23.0,1323,legitimate
txn_02832,test,legitimate,18.29,6,10,25.0,540,legitimate
txn_02833,train,fraud,9.29,23,8,13.2,1150,fraud
txn_02834,train,fraud,15.46,23,12,78.3,1,legitimate
txn_02835,test,legitimate,6.36,9,13,34.3,786,legitimate
txn_02836,train,legitimate,41.56,9,12,2.6,620,legitimate
txn_02837,train,legitimate,4.27,0,15,8.1,1304,legitimate
txn_02838,train,legitimate,65.01,0,16,12.6,1253,legitimate
txn_02839,train,legitimate,4.62,15,15,2.5,1026,legitimate
txn_02840,train,legitimate,25.0,1,16,8.1,1003,legitimate
txn_02841,test,legitimate,5.52,17,12,69.0,944,legitimate
txn_02842,train,legitimate,17.43,11,6,6.7,1082,legitimate
txn_02843,train,legitimate,66.36,22,6,29.6,1012,legitimate
txn_02844,train,legitimate,73.34,15,11,24.3,25,legitimate
txn_02845,test,legitimate,88.01,5,11,69.2,1337,legitimate
txn_02846,train,legitimate,21.86,23,11,38.3,400,legitimate
txn_02847,train,fraud,34.16,7,9,0.7,598,legitimate
txn_02848,test,fraud,38.7,18,12,1.0,734,legitimate
txn_02849,train,legitimate,44.22,17,19,0.6,1049,legitimate
txn_02850,test,legitimate,16.03,13,11,36.8,577,legitimate
txn_02851,train,legitimate,71.75,15,11,9.3,532,legitimate
txn_02852,test,legitimate,33.08,1,13,20.7,892,legitimate
txn_02853,train,legitimate,74.96,14,13,11.0,1000,legitimate
txn_02854,train,legitimate,38.52,1,8,25.3,992,legitimate
txn_02855,train,legitimate,47.05,22,12,20.5,797,legitimate
txn_02856,train,legitimate,11.52,2,8,58.0,1309,legitimate
txn_02857,train,legitimate,15.76,23,8,1.5,1125,legitimate
txn_02858,train,legitimate,6.57,2,11,9.3,1212,legitimate
txn_02859,train,legitimate,17.78,0,14,34.6,824,legitimate
txn_02860,test,legitimate,20.04,4,13,30.9,715,legitimate
txn_02861,train,legitimate,55.11,9,6,63.7,742,legitimate
txn_02862,train,legitimate,6.79,3,16,1.9,384,legitimate
txn_02863,test,legitimate,606.3,22,16,7.1,136,legitimate
txn_02864,train,legitimate,21.15,20,4,34.6,794,legitimate
txn_02865,train,legitimate,84.06,0,14,20.2,75,legitimate
txn_02866,test,legitimate,67.56,8,10,16.5,828,legitimate
txn_02867,train,legitimate,1.92,8,16,39.8,1288,legitimate
txn_02868,train,legitimate,18.38,6,18,1.4,627,legitimate
txn_02869,train,legitimate,104.25,18,11,13.2,676,legitimate
txn_02870,train,legitimate,2.12,6,9,33.6,332,legitimate
txn_02871,train,legitimate,51.53,1,7,9.6,1463,legitimate
txn_02872,test,legitimate,9.56,3,11,11.8,104,legitimate
txn_02873,train,legitimate,14.98,14,12,9.8,671,legitimate
txn_02874,test,legitimate,29.88,2,12,0.7,887,legitimate
txn_02875,train,legitimate,3.7,22,10,42.9,141,legitimate
txn_02876,train,legitimate,29.04,0,16,22.5,799,legitimate
txn_02877,train,legitimate,12.51,12,18,29.2,1116,legitimate
txn_02878,train,legitimate,11.29,0,12,38.5,688,legitimate
txn_02879,train,legitimate,48.15,0,9,0.9,479,legitimate
txn_02880,train,legitimate,796.55,20,15,46.6,1205,legitimate
txn_02881,train,legitimate,33.64,2,16,34.6,935,legitimate
txn_02882,train,legitimate,41.51,2,11,16.6,544,legitimate
txn_02883,train,legitimate,22.69,9,9,93.8,59,legitimate
txn_02884,test,legitimate,11.58,13,10,16.0,1472,legitimate
txn_02885,test,legitimate,30.9,0,13,37.3,1342,legitimate
txn_02886,train,legitimate,108.89,5,7,2.7,779,legitimate
txn_02887,train,legitimate,28.82,15,11,28.7,276,legitimate
txn_02888,train,legitimate,58.12,0,10,1.0,1277,legitimate
txn_02889,train,legitimate,19.0,6,8,5.3,554,legitimate
txn_02890,train,legitimate,296.39,22,10,5.8,167,legitimate
txn_02891,train,legitimate,4.58,8,7,42.6,624,legitimate
txn_02892,test,legitimate,42.78,2,12,56.6,182,legitimate
txn_02893,test,legitimate,40.95,18,8,74.1,796,legitimate
txn_02894,train,legitimate,31.08,14,12,51.3,372,legitimate
txn_02895,train,legitimate,7.8,17,16,12.1,1403,legitimate
txn_02896,train,legitimate,7.63,1,12,34.5,1000,legitimate
txn_02897,train,legitimate,18.8,19,14,42.3,1303,legitimate
txn_02898,test,legitimate,26.27,22,13,75.6,1466,legitimate
txn_02899,train,legitimate,7.07,4,12,30.5,567,legitimate
txn_02900,train,legitimate,8.18,17,20,19.1,1389,legitimate
txn_02901,train,fraud,53.42,8,9,91.1,561,legitimate
txn_02902,train,legitimate,66.67,1,13,3.5,79,legitimate
txn_02903,train,legitimate,13.54,15,13,52.7,1108,legitimate
txn_02904,test,legitimate,11.8,14,13,64.8,1165,legitimate
txn_02905,test,legitimate,11.47,12,11,55.4,498,legitimate
txn_02906,train,legitimate,282.79,16,13,16.6,1297,legitimate
txn_02907,train,legitimate,38.7,19,10,23.8,346,legitimate
txn_02908,train,legitimate,22.2,3,13,0.7,943,legitimate
txn_02909,test,legitimate,64.83,9,12,18.4,1410,legitimate
txn_02910,test,legitimate,235.39,14,7,47.3,388,legitimate
txn_02911,train,legitimate,76.42,21,10,37.2,1124,legitimate
txn_02912,train,legitimate,5.68,2,10,6.3,648,legitimate
txn_02913,test,legitimate,21.73,5,13,10.1,613,legitimate
txn_02914,train,legitimate,15.79,18,7,8.4,1335,legitimate
txn_02915,train,legitimate,16.79,15,7,24.8,304,legitimate
txn_02916,train,legitimate,7.0,21,12,64.3,265,legitimate
txn_02917,test,legitimate,15.98,19,18,12.5,749,legitimate
txn_02918,train,legitimate,7.99,15,9,1.4,314,legitimate
txn_02919,train,legitimate,33.19,23,16,28.9,633,legitimate
txn_02920,test,fraud,31.73,23,6,7.9,1359,legitimate
txn_02921,train,legitimate,5.73,9,7,14.2,448,legitimate
txn_02922,test,legitimate,4.27,20,17,16.9,466,legitimate
txn_02923,train,legitimate,14.6,21,16,1.4,868,legitimate
txn_02924,train,legitimate,45.31,11,10,4.8,961,legitimate
txn_02925,train,legitimate,38.74,14,11,12.6,255,legitimate
txn_02926,train,legitimate,22.08,23,14,0.0,622,legitimate
txn_02927,test,legitimate,0.86,15,10,20.9,395,legitimate
txn_02928,train,legitimate,14.37,13,10,2.7,207,legitimate
txn_02929,train,legitimate,11.23,6,10,56.2,831,legitimate
txn_02930,train,legitimate,16.85,16,11,2.2,538,legitimate
txn_02931,train,legitimate,6.94,21,13,35.8,611,legitimate
txn_02932,test,legitimate,15.28,4,16,4.6,436,legitimate
txn_02933,test,legitimate,12.11,1,14,4.2,619,legitimate
txn_02934,train,legitimate,358.35,19,9,0.5,1054,legitimate
txn_02935,train,legitimate,47.74,23,11,15.0,1000,legitimate
txn_02936,train,legitimate,19.42,17,13,28.2,1490,legitimate
txn_02937,train,legitimate,22.46,13,16,40.5,110,legitimate
txn_02938,train,legitimate,20.92,2,7,7.2,85,legitimate
txn_02939,train,legitimate,28.47,13,18,17.2,1131,legitimate
txn_02940,train,legitimate,15.7,4,17,15.2,1232,legitimate
txn_02941,test,legitimate,23.16,4,15,44.2,1435,legitimate
txn_02942,test,legitimate,65.97,10,12,42.8,1422,legitimate
txn_02943,train,legitimate,54.25,16,14,20.8,1363,legitimate
txn_02944,train,legitimate,32.13,21,14,65.8,1275,legitimate
txn_02945,train,legitimate,89.62,3,14,24.9,1326,legitimate
txn_02946,train,legitimate,29.51,7,11,6.1,896,legitimate
txn_02947,train,legitimate,8.81,20,11,3.9,69,legitimate
txn_02948,train,legitimate,4.08,5,15,6.3,1325,legitimate
txn_02949,train,fraud,15.06,17,14,47.1,463,legitimate
txn_02950,train,legitimate,22.13,9,13,9.7,879,legitimate
txn_02951,train,legitimate,35.14,4,8,32.7,148,legitimate
txn_02952,train,legitimate,69.43,2,15,42.2,1021,legitimate
txn_02953,test,legitimate,13.25,18,9,69.7,158,legitimate
txn_02954,test,legitimate,10.51,8,11,7.3,629,legitimate
txn_02955,train,legitimate,51.08,15,12,9.0,264,legitimate
txn_02956,train,fraud,98.56,9,16,94.7,1350,legitimate
txn_02957,train,legitimate,14.6,7,12,43.4,83,legitimate
txn_02958,test,fraud,42.45,11,7,14.1,1420,legitimate
txn_02959,train,legitimate,93.64,15,12,101.7,1395,legitimate
txn_02960,train,legitimate,32.51,0,8,32.6,1106,legitimate
txn_02961,test,legitimate,22.31,16,10,11.9,891,legitimate
txn_02962,test,legitimate,2.93,22,10,42.2,968,legitimate
txn_02963,train,legitimate,89.07,11,12,52.1,481,legitimate
txn_02964,train,legitimate,44.96,4,13,31.0,670,legitimate
txn_02965,train,legitimate,26.74,16,9,24.3,369,legitimate
txn_02966,test,legitimate,14.78,8,16,15.2,199,legitimate
txn_02967,train,legitimate,6.75,18,7,18.7,6,legitimate
txn_02968,train,legitimate,21.33,7,20,4.9,1029,legitimate
txn_02969,train,legitimate,21.17,21,14,17.3,46,legitimate
txn_02970,train,legitimate,70.84,13,11,50.5,259,legitimate
txn_02971,train,legitimate,6.99,19,6,28.7,969,legitimate
txn_02972,test,legitimate,100.02,9,10,25.6,869,legitimate
txn_02973,train,legitimate,24.41,2,13,10.3,718,legitimate
txn_02974,test,legitimate,77.48,4,10,68.0,904,legitimate
txn_02975,train,legitimate,8.91,20,12,20.0,475,legitimate
txn_02976,train,legitimate,33.36,8,17,0.6,390,legitimate
txn_02977,test,legitimate,80.13,22,12,50.2,701,legitimate
txn_02978,train,legitimate,26.44,14,15,9.8,822,legitimate
txn_02979,train,legitimate,5.4,11,11,133.2,559,legitimate
txn_02980,train,legitimate,16.93,16,8,48.6,319,legitimate
txn_02981,train,legitimate,40.31,21,12,7.9,1057,legitimate
txn_02982,test,legitimate,5.8,23,7,27.1,660,legitimate
txn_02983,train,legitimate,5.54,5,17,56.7,828,legitimate
txn_02984,train,legitimate,29.84,3,24,83.1,472,legitimate
txn_02985,train,legitimate,9.09,0,14,6.0,630,legitimate
txn_02986,train,legitimate,46.64,18,10,6.6,394,legitimate
txn_02987,test,legitimate,7.25,10,7,90.2,5,legitimate
txn_02988,train,legitimate,3.74,0,16,83.2,1328,legitimate
txn_02989,test,legitimate,10.83,2,11,0.1,820,legitimate
txn_02990,train,legitimate,105.21,20,9,41.2,629,legitimate
txn_02991,train,legitimate,9.92,3,13,70.6,1302,legitimate
txn_02992,train,legitimate,23.44,5,13,19.0,781,legitimate
txn_02993,train,legitimate,30.19,10,17,23.7,375,legitimate
txn_02994,train,legitimate,9.1,1,15,20.1,213,legitimate
txn_02995,train,legitimate,70.4,23,9,4.4,509,legitimate
txn_02996,train,legitimate,28.16,18,10,10.9,1404,legitimate
txn_02997,train,legitimate,36.85,12,11,14.2,1134,legitimate
txn_02998,test,legitimate,4.37,8,9,38.7,207,legitimate
txn_02999,train,fraud,5.25,23,11,13.5,242,legitimate
